Date,CustomerType,ProductLine,UnitPrice,Payment,Rating
1/1/2024,Member,Food & Beverages,84.63,Credit card,9
1/1/2024,Normal,Electronics,63.22,Cash,8.5
1/1/2024,Normal,Electronics,74.71,Cash,6.7
1/1/2024,Member,Sports & Travel,36.98,Credit card,7
1/1/2024,Member,Sports & Travel,27.04,Ewallet,6.9
1/1/2024,Normal,Fashion & Accs,65.74,Cash,7.7
1/1/2024,Member,Home & Lifestyle,47.59,Cash,5.7
1/1/2024,Normal,Sports & Travel,72.61,Credit card,6.9
1/1/2024,Normal,Health & Beauty,62.87,Cash,5
1/1/2024,Normal,Food & Beverages,21.12,Cash,6.3
1/1/2024,Member,Sports & Travel,29.22,Ewallet,5
1/1/2024,Member,Electronics,74.22,Credit card,4.3
1/2/2024,Normal,Sports & Travel,42.47,Cash,5.7
1/2/2024,Member,Fashion & Accs,40.61,Cash,7
1/2/2024,Normal,Sports & Travel,44.63,Credit card,5.1
1/2/2024,Member,Food & Beverages,41.66,Ewallet,5.6
1/2/2024,Member,Sports & Travel,31.67,Credit card,5.6
1/2/2024,Normal,Health & Beauty,34.21,Cash,5.1
1/2/2024,Normal,Electronics,22.01,Cash,7.6
1/2/2024,Normal,Fashion & Accs,99.82,Credit card,6.7
1/3/2024,Normal,Home & Lifestyle,63.15,Ewallet,9.8
1/3/2024,Member,Health & Beauty,75.88,Credit card,7.1
1/3/2024,Normal,Sports & Travel,93.38,Cash,9.6
1/3/2024,Normal,Health & Beauty,70.01,Ewallet,5.5
1/3/2024,Normal,Health & Beauty,23.03,Ewallet,7.9
1/3/2024,Member,Health & Beauty,21.12,Cash,9.7
1/3/2024,Normal,Home & Lifestyle,67.09,Credit card,9.1
1/3/2024,Member,Health & Beauty,62,Credit card,6.2
1/4/2024,Normal,Sports & Travel,46.42,Credit card,4.4
1/4/2024,Member,Health & Beauty,20.97,Cash,7.8
1/4/2024,Member,Electronics,66.65,Credit card,9.7
1/4/2024,Member,Home & Lifestyle,35.54,Ewallet,7
1/4/2024,Member,Fashion & Accs,68.71,Cash,4.1
1/4/2024,Member,Electronics,72.17,Cash,6.1
1/5/2024,Member,Fashion & Accs,31.9,Ewallet,9.1
1/5/2024,Normal,Fashion & Accs,27.38,Credit card,7.9
1/5/2024,Member,Home & Lifestyle,35.38,Credit card,9.6
1/5/2024,Normal,Fashion & Accs,76.06,Credit card,9.8
1/5/2024,Member,Health & Beauty,74.69,Ewallet,9.1
1/5/2024,Normal,Food & Beverages,71.2,Credit card,9.2
1/5/2024,Member,Home & Lifestyle,70.74,Credit card,4.4
1/5/2024,Normal,Electronics,93.88,Credit card,7.3
1/5/2024,Normal,Health & Beauty,78.89,Ewallet,7.5
1/5/2024,Member,Fashion & Accs,73.96,Credit card,5
1/5/2024,Member,Home & Lifestyle,62.65,Cash,4.2
1/5/2024,Normal,Home & Lifestyle,42.91,Ewallet,6.1
1/6/2024,Normal,Home & Lifestyle,62.19,Ewallet,4.3
1/6/2024,Normal,Food & Beverages,89.48,Credit card,9.6
1/6/2024,Normal,Sports & Travel,15.34,Cash,6.5
1/6/2024,Member,Health & Beauty,80.47,Cash,9.2
1/6/2024,Member,Home & Lifestyle,58.9,Cash,8.9
1/6/2024,Normal,Fashion & Accs,81.68,Cash,9.1
1/6/2024,Normal,Food & Beverages,40.94,Ewallet,9.9
1/6/2024,Normal,Sports & Travel,64.59,Ewallet,9.3
1/6/2024,Normal,Fashion & Accs,42.57,Cash,6.8
1/7/2024,Normal,Fashion & Accs,47.97,Cash,6.2
1/7/2024,Member,Home & Lifestyle,21.82,Cash,7.1
1/7/2024,Normal,Food & Beverages,27.22,Cash,7.3
1/7/2024,Member,Sports & Travel,68.12,Ewallet,6.8
1/7/2024,Member,Electronics,77.72,Credit card,8.8
1/7/2024,Member,Home & Lifestyle,21.54,Credit card,8.8
1/7/2024,Member,Fashion & Accs,97.61,Ewallet,9.9
1/7/2024,Normal,Sports & Travel,60.95,Credit card,6
1/7/2024,Member,Food & Beverages,89.14,Credit card,7.8
1/8/2024,Member,Fashion & Accs,51.89,Cash,4.5
1/8/2024,Member,Food & Beverages,33.21,Ewallet,6
1/8/2024,Normal,Fashion & Accs,31.73,Credit card,5.9
1/8/2024,Member,Home & Lifestyle,49.1,Credit card,6.4
1/8/2024,Normal,Home & Lifestyle,45.38,Credit card,8.7
1/8/2024,Member,Home & Lifestyle,55.57,Credit card,5.9
1/8/2024,Member,Food & Beverages,68.54,Ewallet,8.5
1/8/2024,Member,Fashion & Accs,65.23,Credit card,5.2
1/8/2024,Normal,Fashion & Accs,12.78,Ewallet,9.5
1/8/2024,Member,Food & Beverages,74.6,Cash,9.5
1/8/2024,Member,Sports & Travel,64.83,Credit card,8
1/8/2024,Normal,Sports & Travel,37.14,Ewallet,5
1/8/2024,Normal,Electronics,50.23,Cash,9
1/8/2024,Member,Sports & Travel,12.76,Ewallet,7.8
1/8/2024,Member,Electronics,79.59,Cash,6.6
1/8/2024,Member,Sports & Travel,48.5,Cash,6.7
1/8/2024,Member,Food & Beverages,24.31,Credit card,4.3
1/8/2024,Member,Food & Beverages,72.88,Cash,4
1/9/2024,Member,Sports & Travel,11.85,Cash,4.1
1/9/2024,Normal,Electronics,96.37,Cash,6
1/9/2024,Normal,Fashion & Accs,49.32,Ewallet,7.1
1/9/2024,Member,Home & Lifestyle,21.9,Ewallet,4.7
1/9/2024,Member,Fashion & Accs,38.54,Ewallet,5.6
1/9/2024,Member,Fashion & Accs,49.04,Credit card,8.6
1/9/2024,Normal,Home & Lifestyle,15.8,Cash,7.8
1/9/2024,Normal,Sports & Travel,95.44,Cash,5.2
1/10/2024,Normal,Fashion & Accs,79.86,Credit card,5.5
1/10/2024,Member,Electronics,74.79,Cash,4.9
1/10/2024,Member,Health & Beauty,36.26,Credit card,7.2
1/10/2024,Normal,Electronics,13.78,Ewallet,9
1/10/2024,Member,Food & Beverages,50.49,Cash,5.4
1/10/2024,Member,Home & Lifestyle,78.38,Ewallet,5.8
1/10/2024,Member,Sports & Travel,21.98,Ewallet,5.1
1/10/2024,Normal,Sports & Travel,83.14,Credit card,6.6
1/10/2024,Normal,Sports & Travel,83.78,Cash,5.1
1/11/2024,Normal,Food & Beverages,24.94,Credit card,5.6
1/11/2024,Normal,Fashion & Accs,89.69,Ewallet,4.9
1/11/2024,Member,Food & Beverages,36.77,Cash,7.4
1/11/2024,Member,Sports & Travel,82.33,Credit card,7.5
1/11/2024,Member,Sports & Travel,87.16,Credit card,9.7
1/11/2024,Member,Food & Beverages,48.5,Ewallet,9.4
1/11/2024,Normal,Home & Lifestyle,96.52,Cash,4.5
1/11/2024,Normal,Food & Beverages,13.79,Credit card,7.8
1/12/2024,Member,Sports & Travel,57.12,Credit card,6.5
1/12/2024,Normal,Health & Beauty,57.22,Ewallet,8.3
1/12/2024,Member,Electronics,91.56,Ewallet,6
1/12/2024,Member,Health & Beauty,27.07,Credit card,5.3
1/12/2024,Normal,Fashion & Accs,83.25,Credit card,4.4
1/12/2024,Member,Electronics,88.67,Ewallet,7.3
1/12/2024,Normal,Fashion & Accs,29.42,Ewallet,8.9
1/12/2024,Member,Fashion & Accs,20.01,Credit card,5.7
1/12/2024,Normal,Sports & Travel,23.01,Ewallet,7.9
1/12/2024,Normal,Home & Lifestyle,97.5,Ewallet,8
1/12/2024,Normal,Home & Lifestyle,51.07,Cash,7
1/13/2024,Member,Sports & Travel,72.6,Cash,6.9
1/13/2024,Member,Home & Lifestyle,81.01,Credit card,9.3
1/13/2024,Member,Fashion & Accs,74.29,Cash,5
1/13/2024,Normal,Electronics,23.46,Ewallet,6.4
1/13/2024,Member,Health & Beauty,39.62,Credit card,6.8
1/13/2024,Member,Food & Beverages,21.04,Cash,7.6
1/13/2024,Member,Fashion & Accs,59.86,Ewallet,6.7
1/13/2024,Normal,Food & Beverages,72.39,Credit card,8.1
1/13/2024,Normal,Sports & Travel,45.58,Cash,5
1/13/2024,Normal,Electronics,41.65,Credit card,5.4
1/14/2024,Member,Health & Beauty,60.47,Credit card,5.6
1/14/2024,Normal,Sports & Travel,34.81,Credit card,7
1/14/2024,Member,Fashion & Accs,18.08,Credit card,9.5
1/14/2024,Member,Fashion & Accs,96.7,Ewallet,7
1/14/2024,Normal,Food & Beverages,99.69,Cash,9.9
1/14/2024,Normal,Health & Beauty,17.75,Cash,8.6
1/14/2024,Normal,Food & Beverages,84.83,Ewallet,8.8
1/14/2024,Normal,Health & Beauty,53.19,Ewallet,5
1/14/2024,Normal,Food & Beverages,73.06,Credit card,4.2
1/14/2024,Normal,Food & Beverages,31.77,Ewallet,6.2
1/14/2024,Member,Electronics,44.84,Credit card,7.5
1/14/2024,Member,Fashion & Accs,56.04,Ewallet,4.4
1/14/2024,Normal,Electronics,61.41,Cash,9.8
1/15/2024,Member,Home & Lifestyle,89.21,Credit card,6.5
1/15/2024,Normal,Electronics,75.66,Ewallet,7.8
1/15/2024,Normal,Home & Lifestyle,97.37,Credit card,4.9
1/15/2024,Normal,Sports & Travel,19.1,Cash,9.7
1/15/2024,Member,Food & Beverages,83.77,Credit card,7
1/15/2024,Normal,Electronics,55.87,Cash,5.8
1/15/2024,Member,Health & Beauty,66.47,Credit card,5
1/15/2024,Member,Sports & Travel,93.72,Cash,4.5
1/15/2024,Normal,Home & Lifestyle,11.43,Cash,7.7
1/15/2024,Normal,Fashion & Accs,73.52,Ewallet,4.6
1/15/2024,Member,Health & Beauty,81.23,Cash,9
1/15/2024,Member,Food & Beverages,17.44,Cash,8.1
1/15/2024,Normal,Electronics,60.88,Ewallet,4.7
1/16/2024,Normal,Home & Lifestyle,95.58,Cash,4.8
1/16/2024,Member,Sports & Travel,90.74,Credit card,6.2
1/16/2024,Normal,Food & Beverages,93.26,Cash,8.8
1/16/2024,Member,Sports & Travel,17.14,Credit card,7.9
1/16/2024,Normal,Fashion & Accs,39.21,Credit card,9
1/16/2024,Member,Home & Lifestyle,63.56,Cash,4.3
1/16/2024,Member,Sports & Travel,15.49,Cash,6.3
1/16/2024,Member,Fashion & Accs,51.36,Ewallet,5.2
1/16/2024,Normal,Sports & Travel,93.18,Credit card,8.5
1/16/2024,Normal,Food & Beverages,52.6,Cash,7.6
1/17/2024,Normal,Sports & Travel,40.62,Credit card,4.1
1/17/2024,Normal,Food & Beverages,81.21,Credit card,6.3
1/17/2024,Member,Food & Beverages,57.89,Ewallet,8.9
1/17/2024,Normal,Home & Lifestyle,21.52,Credit card,9.4
1/17/2024,Member,Home & Lifestyle,94.59,Credit card,4.9
1/17/2024,Member,Health & Beauty,62.82,Ewallet,4.9
1/17/2024,Member,Food & Beverages,65.65,Cash,6
1/17/2024,Member,Sports & Travel,71.92,Credit card,4.3
1/17/2024,Normal,Sports & Travel,25.7,Ewallet,6.1
1/17/2024,Member,Home & Lifestyle,86.72,Ewallet,7.9
1/17/2024,Normal,Sports & Travel,58.91,Ewallet,9.7
1/18/2024,Member,Fashion & Accs,88.15,Ewallet,7.9
1/18/2024,Normal,Health & Beauty,39.42,Cash,8.4
1/18/2024,Normal,Electronics,26.31,Credit card,8.8
1/18/2024,Normal,Fashion & Accs,60.74,Ewallet,5
1/18/2024,Normal,Food & Beverages,19.79,Ewallet,8.7
1/18/2024,Member,Home & Lifestyle,19.36,Ewallet,8.7
1/18/2024,Member,Sports & Travel,89.06,Cash,9.9
1/18/2024,Member,Sports & Travel,90.63,Cash,5.1
1/18/2024,Member,Fashion & Accs,17.48,Credit card,6.1
1/19/2024,Member,Electronics,12.1,Ewallet,8.6
1/19/2024,Member,Sports & Travel,80.93,Credit card,9
1/19/2024,Normal,Fashion & Accs,99.1,Cash,4.2
1/19/2024,Normal,Sports & Travel,63.06,Ewallet,7
1/19/2024,Normal,Sports & Travel,64.19,Credit card,6.7
1/19/2024,Normal,Home & Lifestyle,45.68,Ewallet,5.7
1/19/2024,Member,Food & Beverages,59.59,Cash,9.8
1/19/2024,Member,Electronics,11.94,Credit card,8.1
1/19/2024,Normal,Electronics,56.13,Ewallet,8.6
1/19/2024,Normal,Food & Beverages,43.18,Credit card,8.3
1/19/2024,Member,Electronics,52.89,Credit card,9.8
1/19/2024,Normal,Food & Beverages,33.88,Ewallet,9.6
1/19/2024,Member,Sports & Travel,67.26,Credit card,8
1/19/2024,Member,Home & Lifestyle,88.61,Cash,7.7
1/19/2024,Member,Home & Lifestyle,58.07,Ewallet,4.3
1/19/2024,Normal,Food & Beverages,51.28,Cash,6.5
1/20/2024,Member,Sports & Travel,82.93,Ewallet,9.6
1/20/2024,Member,Health & Beauty,55.5,Credit card,6.6
1/20/2024,Normal,Sports & Travel,93.14,Ewallet,4.1
1/20/2024,Normal,Home & Lifestyle,53.44,Ewallet,4.1
1/20/2024,Normal,Home & Lifestyle,37.48,Credit card,7.7
1/20/2024,Normal,Fashion & Accs,15.62,Ewallet,9.1
1/20/2024,Member,Home & Lifestyle,72.35,Cash,5.4
1/20/2024,Normal,Health & Beauty,64.08,Ewallet,7.6
1/20/2024,Member,Fashion & Accs,63.88,Ewallet,9.9
1/20/2024,Member,Home & Lifestyle,89.25,Cash,4.7
1/21/2024,Normal,Home & Lifestyle,73.22,Cash,7.2
1/21/2024,Normal,Health & Beauty,99.19,Credit card,5.5
1/21/2024,Member,Health & Beauty,53.17,Cash,8.9
1/21/2024,Member,Sports & Travel,98.13,Cash,8.9
1/21/2024,Member,Food & Beverages,36.36,Cash,7.1
1/21/2024,Normal,Home & Lifestyle,77.95,Ewallet,8
1/21/2024,Member,Food & Beverages,68.98,Cash,4.8
1/21/2024,Normal,Food & Beverages,54.67,Credit card,8.6
1/22/2024,Normal,Health & Beauty,20.38,Cash,6
1/22/2024,Member,Health & Beauty,81.51,Ewallet,9.2
1/22/2024,Member,Home & Lifestyle,39.39,Credit card,8.7
1/22/2024,Normal,Food & Beverages,28.86,Credit card,8
1/22/2024,Normal,Home & Lifestyle,30.68,Ewallet,9.1
1/22/2024,Normal,Health & Beauty,55.81,Cash,9.9
1/22/2024,Normal,Home & Lifestyle,74.67,Ewallet,9.4
1/23/2024,Member,Health & Beauty,95.95,Ewallet,8.8
1/23/2024,Normal,Electronics,84.05,Cash,9.8
1/23/2024,Member,Food & Beverages,47.63,Cash,5
1/23/2024,Member,Sports & Travel,89.8,Credit card,5.4
1/23/2024,Normal,Electronics,66.06,Cash,7.3
1/23/2024,Member,Home & Lifestyle,83.77,Ewallet,5.4
1/23/2024,Member,Home & Lifestyle,47.38,Cash,7.1
1/23/2024,Normal,Health & Beauty,58.15,Cash,8.4
1/23/2024,Normal,Health & Beauty,99.96,Cash,6.1
1/23/2024,Member,Fashion & Accs,17.94,Ewallet,6.8
1/23/2024,Member,Food & Beverages,38.47,Cash,7.7
1/23/2024,Normal,Fashion & Accs,45.44,Cash,9.2
1/23/2024,Normal,Health & Beauty,10.99,Credit card,9.3
1/23/2024,Normal,Fashion & Accs,30.61,Ewallet,5.2
1/23/2024,Normal,Electronics,83.08,Ewallet,6.4
1/23/2024,Normal,Food & Beverages,19.25,Ewallet,6.6
1/23/2024,Member,Food & Beverages,98.53,Credit card,4
1/24/2024,Member,Home & Lifestyle,85.72,Ewallet,5.1
1/24/2024,Member,Fashion & Accs,86.68,Credit card,7.2
1/24/2024,Member,Electronics,48.62,Cash,5
1/24/2024,Member,Home & Lifestyle,60.87,Cash,5.5
1/24/2024,Normal,Home & Lifestyle,73.28,Ewallet,8.4
1/24/2024,Normal,Health & Beauty,77.5,Ewallet,4.3
1/24/2024,Normal,Sports & Travel,78.77,Cash,6.4
1/24/2024,Normal,Sports & Travel,76.6,Ewallet,6
1/24/2024,Normal,Electronics,10.56,Cash,7.6
1/24/2024,Member,Electronics,40.3,Credit card,7
1/24/2024,Member,Sports & Travel,23.08,Ewallet,4.9
1/24/2024,Member,Fashion & Accs,93.22,Cash,7.2
1/24/2024,Normal,Electronics,75.88,Ewallet,8.9
1/25/2024,Normal,Fashion & Accs,60.96,Credit card,4.9
1/25/2024,Normal,Food & Beverages,48.51,Credit card,5.2
1/25/2024,Member,Home & Lifestyle,60.01,Cash,4.5
1/25/2024,Normal,Health & Beauty,96.11,Ewallet,7.8
1/25/2024,Member,Health & Beauty,51.13,Credit card,4
1/25/2024,Member,Sports & Travel,40.05,Cash,9.7
1/25/2024,Normal,Sports & Travel,21.87,Ewallet,6.9
1/25/2024,Member,Fashion & Accs,15.43,Credit card,6.1
1/25/2024,Member,Home & Lifestyle,53.3,Ewallet,7.5
1/25/2024,Normal,Fashion & Accs,39.62,Cash,7.5
1/25/2024,Member,Fashion & Accs,84.87,Ewallet,7.4
1/25/2024,Member,Health & Beauty,90.5,Cash,8.1
1/25/2024,Normal,Electronics,26.23,Ewallet,5.9
1/25/2024,Member,Sports & Travel,70.19,Cash,6.7
1/25/2024,Normal,Health & Beauty,34.31,Ewallet,5.7
1/25/2024,Normal,Fashion & Accs,74.1,Cash,9.2
1/25/2024,Normal,Food & Beverages,88.36,Cash,9.6
1/26/2024,Member,Food & Beverages,80.05,Credit card,9.4
1/26/2024,Member,Health & Beauty,69.37,Ewallet,4
1/26/2024,Normal,Fashion & Accs,64.99,Credit card,4.5
1/26/2024,Normal,Fashion & Accs,12.09,Credit card,8.2
1/26/2024,Normal,Electronics,87.08,Cash,5.5
1/26/2024,Normal,Home & Lifestyle,25.55,Ewallet,5.7
1/26/2024,Member,Food & Beverages,78.88,Cash,9.1
1/26/2024,Normal,Food & Beverages,33.33,Credit card,6.4
1/26/2024,Normal,Electronics,51.69,Cash,5.5
1/26/2024,Normal,Sports & Travel,51.54,Cash,4.2
1/26/2024,Normal,Food & Beverages,96.68,Ewallet,6.4
1/26/2024,Member,Health & Beauty,33.81,Ewallet,7.3
1/26/2024,Normal,Fashion & Accs,21.32,Cash,5.9
1/26/2024,Normal,Sports & Travel,44.86,Ewallet,8.2
1/26/2024,Normal,Fashion & Accs,37.95,Cash,9.7
1/26/2024,Normal,Fashion & Accs,81.37,Cash,6.5
1/26/2024,Normal,Fashion & Accs,36.85,Cash,9.2
1/27/2024,Member,Electronics,73.26,Ewallet,9.7
1/27/2024,Member,Fashion & Accs,54.07,Ewallet,9.5
1/27/2024,Normal,Sports & Travel,14.36,Cash,5.4
1/27/2024,Normal,Food & Beverages,90.24,Cash,6.2
1/27/2024,Member,Electronics,46.57,Cash,7.6
1/27/2024,Normal,Home & Lifestyle,49.01,Credit card,4.2
1/27/2024,Member,Health & Beauty,58.22,Ewallet,8.4
1/27/2024,Normal,Sports & Travel,32.25,Cash,9
1/27/2024,Member,Health & Beauty,96.16,Credit card,8.4
1/27/2024,Normal,Home & Lifestyle,69.4,Ewallet,9
1/27/2024,Normal,Home & Lifestyle,12.03,Cash,5.1
1/27/2024,Normal,Food & Beverages,81.71,Credit card,8
1/27/2024,Member,Home & Lifestyle,24.24,Ewallet,9.4
1/27/2024,Normal,Fashion & Accs,54.28,Ewallet,9.3
1/28/2024,Normal,Home & Lifestyle,69.81,Credit card,5.9
1/28/2024,Normal,Health & Beauty,99.16,Credit card,4.2
1/28/2024,Member,Health & Beauty,19.15,Credit card,9.5
1/28/2024,Normal,Sports & Travel,80.97,Cash,9.3
1/28/2024,Normal,Food & Beverages,11.53,Cash,8.1
1/28/2024,Normal,Fashion & Accs,23.82,Ewallet,5.4
1/28/2024,Member,Electronics,21.43,Cash,6.2
1/28/2024,Normal,Health & Beauty,17.41,Credit card,4.9
1/28/2024,Member,Sports & Travel,78.07,Cash,4.5
1/28/2024,Member,Health & Beauty,75.37,Credit card,8.4
1/28/2024,Member,Electronics,18.77,Credit card,5.5
1/28/2024,Member,Health & Beauty,72.11,Credit card,7.7
1/28/2024,Member,Electronics,24.18,Ewallet,9.8
1/28/2024,Member,Health & Beauty,86.8,Ewallet,9.9
1/29/2024,Member,Fashion & Accs,32.62,Cash,9
1/29/2024,Normal,Electronics,58.76,Ewallet,9
1/29/2024,Member,Sports & Travel,22.01,Credit card,6.6
1/29/2024,Normal,Electronics,38.6,Ewallet,6.7
1/29/2024,Normal,Health & Beauty,40.35,Ewallet,6.2
1/29/2024,Member,Sports & Travel,27.93,Cash,5.9
1/29/2024,Normal,Fashion & Accs,42.08,Cash,8.9
1/29/2024,Normal,Food & Beverages,84.05,Credit card,7.7
1/29/2024,Member,Sports & Travel,19.15,Credit card,6.8
1/29/2024,Member,Sports & Travel,26.67,Cash,8.6
1/29/2024,Member,Home & Lifestyle,87.37,Cash,6.6
1/29/2024,Normal,Fashion & Accs,83.24,Credit card,7.4
1/30/2024,Normal,Home & Lifestyle,22.96,Cash,4.3
1/30/2024,Normal,Electronics,23.65,Credit card,4
1/30/2024,Member,Electronics,93.78,Credit card,5.9
1/30/2024,Member,Food & Beverages,98.52,Ewallet,4.5
1/30/2024,Normal,Sports & Travel,22.38,Credit card,8.6
1/30/2024,Normal,Food & Beverages,97.03,Ewallet,9.3
1/30/2024,Member,Home & Lifestyle,10.53,Credit card,5.8
1/30/2024,Normal,Sports & Travel,76.4,Ewallet,6.5
1/30/2024,Normal,Electronics,42.42,Ewallet,5.7
1/31/2024,Normal,Sports & Travel,23.75,Cash,9.5
1/31/2024,Member,Electronics,20.77,Cash,4.7
1/31/2024,Member,Fashion & Accs,98.7,Ewallet,8.5
1/31/2024,Normal,Electronics,43,Ewallet,7.6
1/31/2024,Normal,Electronics,72.13,Credit card,4.2
1/31/2024,Member,Fashion & Accs,51.34,Ewallet,7.6
1/31/2024,Member,Sports & Travel,75.82,Cash,5.8
1/31/2024,Normal,Fashion & Accs,62.18,Ewallet,6
1/31/2024,Member,Electronics,37.06,Ewallet,9.7
1/31/2024,Member,Sports & Travel,79.93,Cash,5.5
1/31/2024,Member,Electronics,87.87,Ewallet,5.6
1/31/2024,Normal,Fashion & Accs,69.08,Credit card,6.9
1/31/2024,Normal,Electronics,45.35,Ewallet,6.1
1/31/2024,Member,Electronics,66.35,Credit card,9.7
2/1/2024,Member,Food & Beverages,87.48,Ewallet,5.1
2/1/2024,Member,Food & Beverages,14.23,Credit card,4.4
2/1/2024,Member,Sports & Travel,69.52,Credit card,8.5
2/1/2024,Normal,Electronics,23.07,Cash,4.9
2/1/2024,Member,Home & Lifestyle,80.79,Credit card,9.5
2/1/2024,Member,Health & Beauty,77.68,Cash,8.4
2/2/2024,Member,Electronics,26.26,Cash,9.9
2/2/2024,Member,Fashion & Accs,43.13,Credit card,5.5
2/2/2024,Normal,Fashion & Accs,25.56,Cash,7.1
2/2/2024,Member,Food & Beverages,38.42,Cash,8.6
2/2/2024,Normal,Food & Beverages,65.97,Cash,8.4
2/2/2024,Member,Sports & Travel,51.52,Cash,9.6
2/2/2024,Normal,Electronics,35.49,Cash,4.1
2/2/2024,Member,Fashion & Accs,83.35,Credit card,9.5
2/2/2024,Member,Home & Lifestyle,56.11,Cash,6.3
2/2/2024,Member,Food & Beverages,46.55,Ewallet,6.4
2/2/2024,Normal,Home & Lifestyle,93.87,Credit card,8.3
2/2/2024,Normal,Food & Beverages,10.96,Ewallet,6
2/2/2024,Normal,Fashion & Accs,95.42,Ewallet,6.4
2/2/2024,Member,Health & Beauty,18.33,Cash,4.3
2/3/2024,Normal,Food & Beverages,27.28,Credit card,8.6
2/3/2024,Member,Food & Beverages,47.16,Credit card,6
2/3/2024,Member,Home & Lifestyle,94.88,Cash,4.2
2/3/2024,Member,Food & Beverages,91.4,Cash,9.5
2/3/2024,Member,Sports & Travel,55.07,Ewallet,10
2/3/2024,Normal,Sports & Travel,42.97,Cash,9.3
2/3/2024,Member,Home & Lifestyle,72.78,Cash,7.3
2/3/2024,Member,Fashion & Accs,53.78,Ewallet,4.7
2/3/2024,Normal,Fashion & Accs,77.02,Cash,5.5
2/3/2024,Member,Food & Beverages,67.45,Ewallet,4.2
2/3/2024,Normal,Food & Beverages,40.52,Cash,4.5
2/3/2024,Normal,Sports & Travel,73.95,Cash,6.1
2/3/2024,Normal,Sports & Travel,49.33,Credit card,9.4
2/3/2024,Member,Sports & Travel,73.97,Credit card,5.4
2/4/2024,Normal,Health & Beauty,13.85,Ewallet,6
2/4/2024,Member,Electronics,25.22,Cash,8.2
2/4/2024,Normal,Food & Beverages,67.77,Credit card,6.5
2/4/2024,Member,Food & Beverages,23.34,Ewallet,7.4
2/4/2024,Member,Home & Lifestyle,13.98,Ewallet,9.8
2/4/2024,Member,Electronics,71.95,Cash,7.3
2/4/2024,Normal,Sports & Travel,43.06,Ewallet,7.7
2/4/2024,Normal,Electronics,74.58,Credit card,9
2/4/2024,Member,Fashion & Accs,72.04,Cash,9.5
2/4/2024,Normal,Fashion & Accs,48.63,Ewallet,7.6
2/4/2024,Member,Home & Lifestyle,77.68,Ewallet,9.8
2/5/2024,Member,Fashion & Accs,30.62,Credit card,4.1
2/5/2024,Member,Food & Beverages,42.82,Credit card,8.9
2/5/2024,Member,Food & Beverages,47.27,Cash,8.8
2/5/2024,Member,Sports & Travel,16.49,Ewallet,4.6
2/5/2024,Member,Electronics,20.89,Cash,9.8
2/5/2024,Member,Fashion & Accs,69.33,Ewallet,9.7
2/5/2024,Normal,Health & Beauty,58.24,Cash,9.7
2/5/2024,Member,Food & Beverages,87.9,Ewallet,6.7
2/5/2024,Member,Sports & Travel,75.2,Ewallet,4.8
2/5/2024,Member,Health & Beauty,68.6,Cash,9.1
2/5/2024,Member,Health & Beauty,98.21,Credit card,7.8
2/5/2024,Member,Home & Lifestyle,25.91,Ewallet,8.7
2/6/2024,Normal,Health & Beauty,89.75,Credit card,6.6
2/6/2024,Member,Fashion & Accs,96.98,Ewallet,9.4
2/6/2024,Normal,Electronics,22.95,Ewallet,8.2
2/6/2024,Member,Food & Beverages,20.01,Ewallet,4.1
2/6/2024,Member,Home & Lifestyle,35.81,Ewallet,7.9
2/6/2024,Member,Food & Beverages,99.42,Ewallet,7.5
2/6/2024,Member,Health & Beauty,25.9,Ewallet,8.7
2/6/2024,Member,Home & Lifestyle,37.44,Credit card,5.9
2/6/2024,Member,Fashion & Accs,14.48,Ewallet,4.5
2/6/2024,Member,Health & Beauty,28.5,Cash,6.6
2/6/2024,Normal,Food & Beverages,52.42,Credit card,6.3
2/6/2024,Member,Electronics,50.45,Credit card,8.9
2/6/2024,Normal,Health & Beauty,35.68,Credit card,6.6
2/7/2024,Normal,Electronics,28.96,Credit card,6.2
2/7/2024,Normal,Fashion & Accs,60.41,Ewallet,9.6
2/7/2024,Normal,Health & Beauty,89.6,Ewallet,6.6
2/7/2024,Normal,Electronics,40.86,Credit card,6.5
2/7/2024,Member,Sports & Travel,45.58,Cash,9.8
2/7/2024,Member,Sports & Travel,10.17,Cash,5.9
2/7/2024,Member,Fashion & Accs,43.46,Ewallet,8.5
2/7/2024,Member,Electronics,65.94,Credit card,6.9
2/7/2024,Normal,Electronics,79.39,Cash,6.2
2/7/2024,Normal,Food & Beverages,16.48,Ewallet,9.9
2/7/2024,Normal,Health & Beauty,58.95,Ewallet,8.1
2/7/2024,Normal,Fashion & Accs,63.71,Ewallet,8.5
2/7/2024,Normal,Electronics,57.91,Cash,8.1
2/7/2024,Normal,Home & Lifestyle,93.12,Cash,6.8
2/7/2024,Normal,Fashion & Accs,86.13,Cash,8.2
2/7/2024,Normal,Food & Beverages,43.19,Ewallet,8.2
2/7/2024,Normal,Home & Lifestyle,22.02,Cash,6.8
2/7/2024,Normal,Home & Lifestyle,16.67,Ewallet,7.4
2/7/2024,Normal,Electronics,46.02,Cash,7.1
2/7/2024,Member,Food & Beverages,54.36,Credit card,6.1
2/8/2024,Normal,Fashion & Accs,33.52,Cash,6.7
2/8/2024,Normal,Sports & Travel,86.31,Ewallet,5.3
2/8/2024,Normal,Sports & Travel,90.28,Ewallet,7.2
2/8/2024,Member,Sports & Travel,64.97,Credit card,6.5
2/8/2024,Member,Fashion & Accs,19.7,Ewallet,9.5
2/8/2024,Member,Fashion & Accs,97.21,Credit card,8.7
2/8/2024,Member,Health & Beauty,37.15,Credit card,7.7
2/8/2024,Member,Sports & Travel,69.12,Cash,5.6
2/8/2024,Normal,Fashion & Accs,98.98,Credit card,8.7
2/8/2024,Member,Home & Lifestyle,46.47,Cash,7
2/8/2024,Normal,Home & Lifestyle,31.75,Cash,8.6
2/8/2024,Normal,Home & Lifestyle,16.37,Cash,7
2/9/2024,Normal,Home & Lifestyle,45.97,Ewallet,5.1
2/9/2024,Member,Food & Beverages,35.04,Ewallet,4.6
2/9/2024,Normal,Health & Beauty,84.61,Credit card,8.8
2/9/2024,Normal,Food & Beverages,21.58,Ewallet,7.2
2/9/2024,Normal,Fashion & Accs,57.27,Ewallet,6.5
2/9/2024,Member,Electronics,81.4,Cash,4.8
2/9/2024,Member,Food & Beverages,31.84,Cash,7.7
2/9/2024,Member,Food & Beverages,21.08,Cash,7.3
2/9/2024,Member,Home & Lifestyle,15.95,Credit card,5.1
2/9/2024,Member,Sports & Travel,22.24,Cash,4.2
2/9/2024,Normal,Electronics,12.45,Cash,4.1
2/9/2024,Normal,Fashion & Accs,64.26,Cash,5.7
2/9/2024,Member,Home & Lifestyle,65.91,Cash,5.7
2/10/2024,Member,Fashion & Accs,53.65,Ewallet,5.2
2/10/2024,Normal,Sports & Travel,34.84,Cash,7.4
2/10/2024,Member,Food & Beverages,44.59,Cash,8.5
2/10/2024,Normal,Home & Lifestyle,74.07,Ewallet,9.9
2/10/2024,Member,Electronics,48.09,Credit card,7.8
2/10/2024,Member,Electronics,78.13,Cash,4.4
2/10/2024,Member,Fashion & Accs,30.14,Ewallet,9.2
2/10/2024,Member,Home & Lifestyle,36.91,Ewallet,6.7
2/10/2024,Normal,Health & Beauty,33.47,Ewallet,6.7
2/10/2024,Member,Electronics,18.93,Credit card,8.1
2/10/2024,Member,Fashion & Accs,73.38,Cash,9.5
2/11/2024,Member,Home & Lifestyle,86.69,Ewallet,9.4
2/11/2024,Normal,Food & Beverages,89.2,Credit card,4.4
2/11/2024,Normal,Health & Beauty,84.09,Cash,8
2/11/2024,Member,Food & Beverages,77.2,Credit card,5.6
2/11/2024,Normal,Home & Lifestyle,77.04,Credit card,7.2
2/11/2024,Normal,Home & Lifestyle,80.08,Cash,5.4
2/11/2024,Normal,Fashion & Accs,62.12,Cash,5.9
2/11/2024,Normal,Sports & Travel,94.76,Ewallet,7.8
2/12/2024,Member,Electronics,39.48,Cash,6.5
2/12/2024,Member,Food & Beverages,87.1,Credit card,9.9
2/12/2024,Member,Fashion & Accs,52.35,Cash,4
2/12/2024,Normal,Fashion & Accs,94.87,Ewallet,8.7
2/12/2024,Member,Home & Lifestyle,60.38,Cash,6
2/12/2024,Normal,Electronics,46.95,Ewallet,7.1
2/12/2024,Normal,Health & Beauty,25.43,Ewallet,7
2/12/2024,Member,Sports & Travel,71.63,Ewallet,8.8
2/13/2024,Member,Electronics,76.82,Ewallet,7.2
2/13/2024,Member,Sports & Travel,20.18,Credit card,5
2/13/2024,Member,Fashion & Accs,92.98,Credit card,8
2/13/2024,Member,Fashion & Accs,29.56,Cash,6.9
2/13/2024,Normal,Fashion & Accs,22.51,Credit card,4.8
2/13/2024,Member,Food & Beverages,14.87,Credit card,8.9
2/13/2024,Member,Electronics,32.25,Ewallet,6.5
2/13/2024,Normal,Sports & Travel,13.69,Cash,6.3
2/14/2024,Member,Health & Beauty,91.3,Ewallet,9.2
2/14/2024,Normal,Sports & Travel,44.65,Cash,6.2
2/14/2024,Member,Health & Beauty,75.74,Cash,7.6
2/14/2024,Member,Sports & Travel,60.08,Credit card,4.5
2/14/2024,Member,Food & Beverages,27.66,Credit card,8.9
2/14/2024,Member,Food & Beverages,99.37,Cash,5.2
2/14/2024,Normal,Health & Beauty,58.32,Ewallet,6
2/14/2024,Normal,Electronics,99.56,Credit card,5.2
2/15/2024,Normal,Electronics,32.8,Cash,6.2
2/15/2024,Normal,Food & Beverages,52.2,Credit card,9.5
2/15/2024,Normal,Home & Lifestyle,69.96,Credit card,6.4
2/15/2024,Normal,Fashion & Accs,72.84,Cash,8.4
2/15/2024,Member,Electronics,98.84,Cash,8.4
2/15/2024,Member,Health & Beauty,76.9,Cash,7.7
2/15/2024,Member,Food & Beverages,77.4,Credit card,4.5
2/15/2024,Normal,Food & Beverages,67.1,Cash,7.5
2/15/2024,Normal,Health & Beauty,33.64,Credit card,9.3
2/15/2024,Member,Health & Beauty,68.55,Credit card,9.2
2/15/2024,Member,Sports & Travel,24.74,Credit card,10
2/15/2024,Normal,Health & Beauty,15.26,Ewallet,9.8
2/15/2024,Member,Sports & Travel,88.31,Credit card,5.2
2/15/2024,Normal,Electronics,88.25,Credit card,7.6
2/15/2024,Normal,Health & Beauty,57.59,Cash,5.1
2/15/2024,Member,Fashion & Accs,80.48,Cash,8.1
2/15/2024,Member,Home & Lifestyle,17.77,Credit card,5.4
2/15/2024,Member,Fashion & Accs,99.3,Credit card,6.6
2/15/2024,Normal,Fashion & Accs,51.94,Cash,7.9
2/16/2024,Member,Health & Beauty,47.71,Ewallet,4.4
2/16/2024,Member,Food & Beverages,24.82,Credit card,7.1
2/16/2024,Member,Electronics,12.05,Ewallet,5.5
2/16/2024,Normal,Sports & Travel,51.91,Cash,8.2
2/16/2024,Normal,Fashion & Accs,36.51,Cash,4.2
2/16/2024,Member,Fashion & Accs,60.18,Credit card,9.4
2/16/2024,Member,Fashion & Accs,97.79,Ewallet,4.9
2/16/2024,Member,Fashion & Accs,91.35,Cash,6.8
2/17/2024,Normal,Sports & Travel,46.66,Ewallet,5.3
2/17/2024,Member,Electronics,35.74,Ewallet,4.9
2/17/2024,Member,Sports & Travel,67.99,Ewallet,5.7
2/17/2024,Member,Home & Lifestyle,88.79,Cash,4.1
2/17/2024,Normal,Electronics,11.81,Cash,9.4
2/17/2024,Member,Food & Beverages,80.96,Credit card,7.4
2/17/2024,Member,Electronics,87.45,Credit card,8.8
2/17/2024,Normal,Electronics,34.56,Ewallet,9.9
2/17/2024,Normal,Food & Beverages,32.9,Credit card,9.1
2/17/2024,Member,Food & Beverages,71.39,Credit card,5.5
2/17/2024,Normal,Sports & Travel,98.09,Cash,9.3
2/17/2024,Member,Health & Beauty,92.09,Cash,4.2
2/17/2024,Normal,Fashion & Accs,45.38,Credit card,7.2
2/18/2024,Member,Home & Lifestyle,34.42,Cash,9.8
2/18/2024,Normal,Fashion & Accs,90.22,Cash,6.2
2/18/2024,Normal,Health & Beauty,14.76,Ewallet,4.3
2/18/2024,Member,Electronics,60.95,Ewallet,5.9
2/18/2024,Member,Fashion & Accs,88.34,Cash,6.6
2/18/2024,Member,Health & Beauty,44.07,Ewallet,8.4
2/18/2024,Member,Electronics,62.48,Cash,4.7
2/19/2024,Normal,Fashion & Accs,98.48,Ewallet,9.2
2/19/2024,Member,Food & Beverages,98.66,Cash,8.4
2/19/2024,Normal,Health & Beauty,50.79,Credit card,5.3
2/19/2024,Normal,Electronics,71.89,Ewallet,5.5
2/19/2024,Normal,Health & Beauty,21.8,Cash,8.3
2/19/2024,Member,Sports & Travel,64.08,Credit card,7.3
2/19/2024,Normal,Electronics,77.63,Ewallet,7.2
2/19/2024,Normal,Food & Beverages,41.24,Cash,7.1
2/19/2024,Member,Electronics,69.58,Credit card,7.8
2/20/2024,Member,Food & Beverages,54.84,Credit card,5.9
2/20/2024,Normal,Food & Beverages,39.9,Credit card,5.9
2/20/2024,Member,Home & Lifestyle,37.69,Ewallet,9.5
2/20/2024,Member,Sports & Travel,31.99,Credit card,9.9
2/20/2024,Normal,Food & Beverages,60.3,Cash,5.8
2/20/2024,Member,Home & Lifestyle,86.27,Ewallet,7
2/20/2024,Member,Food & Beverages,92.29,Credit card,9
2/20/2024,Member,Food & Beverages,57.74,Ewallet,7.7
2/20/2024,Normal,Health & Beauty,66.68,Cash,7.6
2/20/2024,Normal,Health & Beauty,32.32,Credit card,10
2/21/2024,Member,Fashion & Accs,73.82,Cash,6.7
2/21/2024,Member,Electronics,94.64,Cash,5.5
2/21/2024,Member,Health & Beauty,39.91,Ewallet,9.3
2/21/2024,Normal,Health & Beauty,83.66,Cash,7.2
2/21/2024,Normal,Sports & Travel,98.8,Cash,7.7
2/21/2024,Member,Fashion & Accs,12.54,Cash,8.2
2/22/2024,Normal,Home & Lifestyle,65.82,Cash,4.1
2/22/2024,Normal,Fashion & Accs,39.75,Ewallet,9.6
2/22/2024,Member,Food & Beverages,30.41,Credit card,8.4
2/22/2024,Normal,Fashion & Accs,17.49,Ewallet,6.6
2/22/2024,Normal,Sports & Travel,95.49,Ewallet,8.7
2/22/2024,Member,Home & Lifestyle,12.73,Credit card,5.2
2/22/2024,Normal,Home & Lifestyle,68.97,Ewallet,8.7
2/22/2024,Normal,Fashion & Accs,47.44,Credit card,6.8
2/22/2024,Member,Electronics,17.42,Ewallet,7
2/22/2024,Normal,Fashion & Accs,54.31,Cash,8.9
2/22/2024,Member,Sports & Travel,24.49,Cash,8.1
2/23/2024,Normal,Food & Beverages,35.89,Credit card,7.9
2/23/2024,Normal,Health & Beauty,17.97,Ewallet,6.4
2/23/2024,Normal,Electronics,14.96,Cash,8.6
2/23/2024,Member,Food & Beverages,98.79,Ewallet,6.4
2/23/2024,Member,Sports & Travel,58.39,Credit card,8.2
2/23/2024,Member,Electronics,75.59,Cash,8
2/23/2024,Member,Food & Beverages,73.47,Cash,6
2/23/2024,Member,Food & Beverages,80.36,Credit card,8.3
2/24/2024,Normal,Home & Lifestyle,55.73,Ewallet,7
2/24/2024,Member,Home & Lifestyle,47.68,Credit card,4.1
2/24/2024,Member,Health & Beauty,10.16,Ewallet,4.1
2/24/2024,Normal,Food & Beverages,26.43,Ewallet,8.9
2/24/2024,Normal,Home & Lifestyle,73.56,Ewallet,8
2/24/2024,Member,Fashion & Accs,83.77,Cash,4.6
2/24/2024,Normal,Sports & Travel,57.95,Cash,5.2
2/24/2024,Normal,Electronics,40.26,Credit card,5
2/24/2024,Normal,Electronics,24.74,Cash,7.1
2/25/2024,Member,Sports & Travel,91.41,Ewallet,7.1
2/25/2024,Normal,Fashion & Accs,94.13,Credit card,4.8
2/25/2024,Member,Food & Beverages,99.6,Cash,5.8
2/25/2024,Member,Electronics,68.84,Ewallet,5.8
2/25/2024,Member,Home & Lifestyle,82.04,Credit card,7.6
2/25/2024,Normal,Food & Beverages,48.61,Cash,4.4
2/25/2024,Member,Electronics,86.04,Ewallet,4.8
2/25/2024,Normal,Sports & Travel,88.45,Credit card,9.5
2/25/2024,Normal,Health & Beauty,62.57,Cash,9.5
2/25/2024,Member,Electronics,39.75,Cash,6.1
2/25/2024,Normal,Fashion & Accs,73.05,Credit card,4.9
2/25/2024,Normal,Electronics,52.79,Ewallet,10
2/25/2024,Normal,Health & Beauty,65.18,Credit card,6.3
2/25/2024,Member,Health & Beauty,42.57,Ewallet,5.6
2/25/2024,Member,Food & Beverages,62.85,Ewallet,8.7
2/25/2024,Normal,Sports & Travel,63.69,Cash,6
2/26/2024,Normal,Food & Beverages,22.93,Cash,5.5
2/26/2024,Member,Food & Beverages,26.6,Ewallet,4.9
2/26/2024,Normal,Health & Beauty,99.71,Ewallet,7.9
2/26/2024,Normal,Sports & Travel,54.45,Ewallet,7.9
2/26/2024,Normal,Fashion & Accs,99.89,Ewallet,7.1
2/26/2024,Normal,Electronics,46.61,Credit card,6.6
2/26/2024,Member,Sports & Travel,95.54,Ewallet,4.5
2/26/2024,Member,Fashion & Accs,55.45,Credit card,4.9
2/26/2024,Member,Electronics,90.7,Cash,5.3
2/27/2024,Member,Health & Beauty,56.69,Credit card,8.4
2/27/2024,Normal,Sports & Travel,67.27,Cash,6.9
2/27/2024,Member,Fashion & Accs,19.77,Credit card,5
2/27/2024,Normal,Health & Beauty,76.99,Cash,6.1
2/27/2024,Normal,Fashion & Accs,77.93,Ewallet,7.6
2/27/2024,Member,Electronics,92.6,Credit card,9.3
2/27/2024,Normal,Electronics,99.69,Credit card,8
2/27/2024,Normal,Food & Beverages,94.47,Cash,9.1
2/27/2024,Member,Health & Beauty,85.87,Credit card,8
2/27/2024,Member,Fashion & Accs,21.48,Ewallet,6.6
2/27/2024,Normal,Health & Beauty,13.5,Credit card,4.8
2/27/2024,Member,Food & Beverages,18.85,Ewallet,5.6
2/27/2024,Normal,Fashion & Accs,52.42,Ewallet,7.5
2/27/2024,Normal,Food & Beverages,74.44,Ewallet,5.1
2/28/2024,Normal,Fashion & Accs,41.09,Cash,7.3
2/28/2024,Normal,Health & Beauty,56,Ewallet,4.8
2/28/2024,Normal,Electronics,85.98,Cash,8.2
2/28/2024,Member,Food & Beverages,80.62,Cash,9.1
2/28/2024,Member,Fashion & Accs,93.2,Credit card,6
2/28/2024,Normal,Electronics,60.3,Cash,6
2/29/2024,Member,Food & Beverages,60.3,Cash,5.8
2/29/2024,Normal,Food & Beverages,92.29,Credit card,9
2/29/2024,Normal,Food & Beverages,57.74,Ewallet,7.7
2/29/2024,Member,Health & Beauty,66.68,Cash,7.6
2/29/2024,Normal,Food & Beverages,98.79,Ewallet,6.4
2/29/2024,Normal,Food & Beverages,73.47,Cash,6
2/29/2024,Member,Food & Beverages,80.36,Credit card,8.3
2/29/2024,Member,Health & Beauty,10.16,Ewallet,4.1
3/1/2024,Normal,Electronics,27.5,Ewallet,6.5
3/1/2024,Member,Food & Beverages,74.89,Ewallet,4.2
3/1/2024,Normal,Electronics,45.48,Credit card,4.8
3/1/2024,Member,Food & Beverages,53.72,Ewallet,6.4
3/1/2024,Member,Fashion & Accs,81.31,Ewallet,6.3
3/1/2024,Normal,Home & Lifestyle,34.73,Ewallet,9.7
3/1/2024,Normal,Fashion & Accs,78.55,Cash,7.2
3/1/2024,Member,Fashion & Accs,22.32,Credit card,4.4
3/1/2024,Normal,Health & Beauty,69.51,Ewallet,8.1
3/1/2024,Normal,Health & Beauty,14.82,Credit card,8.7
3/2/2024,Member,Electronics,26.26,Ewallet,6.3
3/2/2024,Member,Sports & Travel,54.55,Credit card,7.1
3/2/2024,Member,Sports & Travel,39.47,Credit card,5
3/2/2024,Normal,Home & Lifestyle,97.38,Ewallet,4.4
3/2/2024,Member,Fashion & Accs,92.49,Credit card,8.6
3/2/2024,Member,Home & Lifestyle,27,Cash,4.8
3/2/2024,Normal,Electronics,99.73,Credit card,6.5
3/2/2024,Member,Home & Lifestyle,88.39,Cash,6.3
3/2/2024,Normal,Fashion & Accs,27.02,Credit card,7.1
3/2/2024,Member,Electronics,13.22,Cash,4.3
3/2/2024,Member,Sports & Travel,88.63,Ewallet,6
3/2/2024,Normal,Electronics,38.27,Credit card,5.8
3/2/2024,Member,Health & Beauty,85.6,Cash,5.3
3/2/2024,Normal,Sports & Travel,73.98,Ewallet,4.1
3/2/2024,Normal,Sports & Travel,25.31,Ewallet,7.2
3/2/2024,Normal,Health & Beauty,73.41,Ewallet,4
3/2/2024,Normal,Sports & Travel,14.39,Credit card,7.2
3/2/2024,Normal,Food & Beverages,66.52,Ewallet,6.9
3/3/2024,Member,Health & Beauty,46.53,Credit card,4.3
3/3/2024,Member,Food & Beverages,22.17,Credit card,9.6
3/3/2024,Member,Electronics,81.97,Cash,9.2
3/3/2024,Member,Electronics,51.92,Cash,7.5
3/3/2024,Normal,Home & Lifestyle,44.01,Cash,8.8
3/3/2024,Normal,Electronics,20.85,Cash,6.3
3/3/2024,Normal,Fashion & Accs,46.41,Credit card,4
3/3/2024,Normal,Health & Beauty,25,Ewallet,5.5
3/3/2024,Normal,Health & Beauty,28.95,Credit card,6
3/3/2024,Member,Home & Lifestyle,94.49,Ewallet,7.5
3/3/2024,Member,Electronics,30.2,Ewallet,5.1
3/3/2024,Member,Home & Lifestyle,30.12,Cash,7.7
3/3/2024,Normal,Home & Lifestyle,46.33,Credit card,7.4
3/3/2024,Member,Food & Beverages,73.05,Credit card,8.7
3/4/2024,Normal,Home & Lifestyle,33.3,Ewallet,7.2
3/4/2024,Normal,Food & Beverages,74.66,Cash,8.5
3/4/2024,Member,Food & Beverages,98.7,Cash,7.6
3/4/2024,Normal,Health & Beauty,68.71,Cash,8.7
3/4/2024,Member,Fashion & Accs,48.96,Cash,8
3/4/2024,Normal,Home & Lifestyle,56.53,Ewallet,5.5
3/4/2024,Normal,Health & Beauty,14.62,Cash,4.4
3/4/2024,Member,Health & Beauty,99.83,Ewallet,8.5
3/4/2024,Normal,Sports & Travel,12.34,Credit card,6.7
3/4/2024,Normal,Electronics,30.24,Cash,8.4
3/4/2024,Member,Electronics,19.24,Cash,8
3/4/2024,Member,Health & Beauty,48.63,Cash,8.8
3/5/2024,Member,Health & Beauty,41.06,Credit card,8.3
3/5/2024,Member,Food & Beverages,48.52,Ewallet,4
3/5/2024,Member,Food & Beverages,18.08,Ewallet,8
3/5/2024,Normal,Sports & Travel,69.74,Credit card,8.9
3/5/2024,Member,Home & Lifestyle,12.12,Credit card,8.4
3/5/2024,Member,Health & Beauty,25.32,Ewallet,8.7
3/5/2024,Member,Fashion & Accs,44.22,Credit card,8.6
3/5/2024,Member,Health & Beauty,55.97,Ewallet,8.9
3/5/2024,Normal,Home & Lifestyle,95.46,Ewallet,4.7
3/5/2024,Normal,Home & Lifestyle,82.7,Cash,7.4
3/5/2024,Normal,Electronics,78.31,Ewallet,5.4
3/5/2024,Member,Health & Beauty,65.31,Credit card,4.2
3/5/2024,Member,Fashion & Accs,21.94,Ewallet,5.3
3/5/2024,Normal,Fashion & Accs,81.91,Cash,7.8
3/5/2024,Normal,Sports & Travel,83.06,Ewallet,4
3/5/2024,Normal,Health & Beauty,87.98,Ewallet,5.1
3/5/2024,Member,Food & Beverages,78.31,Ewallet,6.6
3/6/2024,Member,Sports & Travel,37.32,Ewallet,5.1
3/6/2024,Normal,Electronics,28.38,Cash,9.4
3/6/2024,Member,Sports & Travel,92.13,Cash,8.3
3/6/2024,Normal,Food & Beverages,62.08,Ewallet,5.4
3/6/2024,Normal,Sports & Travel,67.43,Ewallet,6.3
3/6/2024,Member,Sports & Travel,15.81,Credit card,8.6
3/6/2024,Normal,Health & Beauty,79.74,Ewallet,7.3
3/6/2024,Member,Electronics,21.5,Credit card,7.8
3/6/2024,Member,Home & Lifestyle,71.86,Credit card,6.2
3/6/2024,Member,Fashion & Accs,49.92,Credit card,7
3/6/2024,Normal,Home & Lifestyle,37,Credit card,7.9
3/7/2024,Normal,Electronics,84.07,Ewallet,4.4
3/7/2024,Normal,Home & Lifestyle,16.16,Ewallet,6.5
3/7/2024,Normal,Fashion & Accs,16.45,Ewallet,5.6
3/7/2024,Normal,Food & Beverages,99.79,Ewallet,8
3/7/2024,Member,Health & Beauty,15.55,Cash,5
3/7/2024,Member,Home & Lifestyle,28.31,Cash,8.2
3/7/2024,Normal,Home & Lifestyle,97.94,Ewallet,6.9
3/7/2024,Normal,Electronics,22.21,Credit card,8.6
3/7/2024,Normal,Home & Lifestyle,50.28,Ewallet,9.7
3/8/2024,Normal,Electronics,97.16,Ewallet,7.2
3/8/2024,Member,Food & Beverages,17.04,Ewallet,7
3/8/2024,Normal,Electronics,15.28,Cash,9.6
3/8/2024,Normal,Home & Lifestyle,33.99,Credit card,7.7
3/8/2024,Normal,Fashion & Accs,61.77,Cash,6.7
3/8/2024,Normal,Food & Beverages,43.27,Ewallet,5.7
3/8/2024,Member,Home & Lifestyle,90.65,Ewallet,7.3
3/8/2024,Member,Food & Beverages,17.63,Cash,8.5
3/8/2024,Normal,Fashion & Accs,37.55,Credit card,9.3
3/8/2024,Normal,Health & Beauty,81.3,Ewallet,5.3
3/8/2024,Normal,Health & Beauty,46.26,Credit card,9.5
3/9/2024,Member,Electronics,93.96,Cash,9.5
3/9/2024,Normal,Health & Beauty,51.71,Credit card,9.8
3/9/2024,Member,Food & Beverages,98.97,Cash,6.7
3/9/2024,Member,Sports & Travel,99.96,Credit card,4.2
3/9/2024,Normal,Sports & Travel,60.87,Ewallet,8.7
3/9/2024,Member,Health & Beauty,51.94,Ewallet,6.5
3/9/2024,Member,Sports & Travel,52.26,Credit card,6.2
3/9/2024,Normal,Fashion & Accs,95.54,Credit card,9.6
3/9/2024,Member,Fashion & Accs,56.47,Ewallet,7.3
3/9/2024,Member,Electronics,25.51,Cash,6.8
3/9/2024,Member,Home & Lifestyle,52.18,Cash,9.3
3/9/2024,Member,Sports & Travel,48.91,Cash,6.6
3/9/2024,Normal,Fashion & Accs,16.28,Cash,5
3/9/2024,Normal,Electronics,75.91,Cash,8.7
3/9/2024,Member,Food & Beverages,99.78,Cash,5.4
3/9/2024,Normal,Fashion & Accs,97.29,Credit card,6.2
3/10/2024,Normal,Sports & Travel,25.84,Ewallet,6.6
3/10/2024,Normal,Electronics,58.03,Ewallet,8.8
3/10/2024,Normal,Electronics,25.45,Credit card,5.1
3/10/2024,Normal,Food & Beverages,18.22,Credit card,6.6
3/10/2024,Normal,Food & Beverages,57.34,Credit card,7.9
3/10/2024,Member,Health & Beauty,81.95,Credit card,6
3/10/2024,Normal,Home & Lifestyle,93.69,Credit card,4.5
3/10/2024,Member,Home & Lifestyle,35.79,Credit card,5.1
3/10/2024,Member,Sports & Travel,62.62,Ewallet,7
3/10/2024,Normal,Fashion & Accs,87.67,Credit card,7.7
3/10/2024,Normal,Fashion & Accs,45.74,Credit card,6.5
3/10/2024,Member,Food & Beverages,10.13,Ewallet,8.3
3/11/2024,Normal,Home & Lifestyle,40.3,Ewallet,4.4
3/11/2024,Member,Health & Beauty,68.93,Credit card,4.6
3/11/2024,Normal,Food & Beverages,46.77,Cash,6
3/11/2024,Member,Sports & Travel,34.56,Credit card,7.3
3/11/2024,Normal,Health & Beauty,59.77,Credit card,5.8
3/11/2024,Normal,Home & Lifestyle,63.42,Ewallet,7.4
3/11/2024,Normal,Fashion & Accs,94.67,Cash,6.8
3/11/2024,Normal,Home & Lifestyle,28.32,Ewallet,6.2
3/11/2024,Member,Health & Beauty,29.67,Credit card,8.1
3/11/2024,Member,Electronics,34.49,Credit card,9
3/11/2024,Member,Sports & Travel,29.61,Cash,6.5
3/12/2024,Member,Home & Lifestyle,40.73,Ewallet,5.4
3/12/2024,Member,Sports & Travel,98.4,Credit card,8.7
3/12/2024,Member,Health & Beauty,47.67,Cash,9.1
3/12/2024,Normal,Electronics,30.61,Cash,9.3
3/12/2024,Member,Food & Beverages,94.26,Cash,8.6
3/12/2024,Normal,Sports & Travel,97.74,Ewallet,6.4
3/12/2024,Member,Health & Beauty,64.36,Credit card,8.6
3/12/2024,Member,Food & Beverages,55.04,Ewallet,5.2
3/12/2024,Normal,Home & Lifestyle,46.22,Credit card,6.2
3/12/2024,Normal,Health & Beauty,41.5,Credit card,8.2
3/12/2024,Member,Electronics,10.59,Credit card,8.7
3/12/2024,Member,Health & Beauty,39.01,Credit card,4.7
3/13/2024,Normal,Fashion & Accs,56.5,Ewallet,9.6
3/13/2024,Normal,Food & Beverages,54.27,Ewallet,4.6
3/13/2024,Member,Fashion & Accs,38.3,Cash,5.7
3/13/2024,Member,Health & Beauty,15.87,Cash,5.8
3/13/2024,Normal,Food & Beverages,45.79,Credit card,7
3/13/2024,Member,Sports & Travel,72.88,Cash,6.1
3/13/2024,Normal,Health & Beauty,18.11,Ewallet,5.9
3/13/2024,Normal,Fashion & Accs,34.7,Ewallet,8.2
3/13/2024,Member,Home & Lifestyle,63.91,Credit card,4.6
3/13/2024,Normal,Fashion & Accs,12.19,Ewallet,6.8
3/14/2024,Normal,Electronics,51.32,Cash,5.6
3/14/2024,Member,Sports & Travel,42.85,Credit card,9.3
3/14/2024,Member,Food & Beverages,23.48,Credit card,7.9
3/14/2024,Normal,Home & Lifestyle,70.11,Ewallet,5.2
3/14/2024,Member,Fashion & Accs,54.73,Credit card,8.5
3/14/2024,Normal,Home & Lifestyle,35.47,Credit card,6.9
3/14/2024,Normal,Electronics,99.55,Cash,7.6
3/14/2024,Normal,Electronics,27.85,Ewallet,6
3/14/2024,Member,Sports & Travel,97.48,Ewallet,7.4
3/14/2024,Member,Sports & Travel,35.22,Ewallet,6.5
3/14/2024,Member,Fashion & Accs,22.32,Ewallet,4.1
3/14/2024,Normal,Electronics,21.58,Cash,7.3
3/14/2024,Member,Electronics,87.91,Ewallet,4.4
3/14/2024,Normal,Food & Beverages,77.56,Ewallet,6.9
3/14/2024,Normal,Food & Beverages,53.21,Ewallet,5
3/14/2024,Normal,Fashion & Accs,59.61,Cash,5.3
3/14/2024,Member,Health & Beauty,82.58,Cash,5
3/14/2024,Normal,Electronics,15.69,Credit card,5.8
3/15/2024,Normal,Health & Beauty,24.89,Cash,7.4
3/15/2024,Normal,Home & Lifestyle,33.2,Credit card,4.4
3/15/2024,Member,Sports & Travel,90.53,Credit card,6.5
3/15/2024,Normal,Health & Beauty,10.75,Ewallet,6.2
3/15/2024,Member,Fashion & Accs,19.66,Credit card,7.2
3/15/2024,Member,Sports & Travel,96.8,Cash,5.3
3/15/2024,Normal,Home & Lifestyle,65.26,Ewallet,6.3
3/15/2024,Normal,Home & Lifestyle,13.59,Cash,5.8
3/15/2024,Normal,Fashion & Accs,27.18,Ewallet,4.3
3/15/2024,Member,Electronics,57.49,Cash,6.6
3/15/2024,Normal,Health & Beauty,96.58,Credit card,5.1
3/15/2024,Normal,Health & Beauty,92.78,Credit card,9.8
3/16/2024,Normal,Fashion & Accs,97.26,Ewallet,6.8
3/16/2024,Normal,Food & Beverages,87.8,Cash,9.2
3/16/2024,Normal,Food & Beverages,63.61,Ewallet,4.8
3/16/2024,Member,Health & Beauty,15.37,Cash,7.2
3/16/2024,Normal,Sports & Travel,72.5,Ewallet,9.2
3/16/2024,Normal,Sports & Travel,74.97,Cash,5.6
3/16/2024,Normal,Electronics,95.64,Cash,7.9
3/16/2024,Normal,Home & Lifestyle,23.75,Cash,5.2
3/16/2024,Normal,Sports & Travel,34.37,Ewallet,6.7
3/17/2024,Normal,Home & Lifestyle,11.28,Credit card,4.3
3/17/2024,Member,Food & Beverages,22.62,Cash,6.4
3/17/2024,Member,Fashion & Accs,35.19,Credit card,8.4
3/17/2024,Normal,Sports & Travel,54.51,Ewallet,7.8
3/17/2024,Member,Sports & Travel,76.92,Ewallet,5.6
3/17/2024,Normal,Home & Lifestyle,77.47,Cash,4.2
3/18/2024,Normal,Electronics,51.19,Credit card,4.7
3/18/2024,Normal,Home & Lifestyle,99.7,Ewallet,4.7
3/18/2024,Member,Fashion & Accs,91.98,Cash,9.8
3/18/2024,Normal,Sports & Travel,33.26,Credit card,4.2
3/18/2024,Member,Home & Lifestyle,28.53,Ewallet,7.8
3/18/2024,Member,Fashion & Accs,51.47,Ewallet,8.5
3/18/2024,Normal,Home & Lifestyle,44.12,Credit card,7.9
3/19/2024,Member,Fashion & Accs,82.63,Ewallet,7.9
3/19/2024,Member,Fashion & Accs,25.42,Credit card,6.7
3/19/2024,Normal,Fashion & Accs,76.4,Ewallet,7.5
3/19/2024,Normal,Health & Beauty,30.35,Cash,8
3/19/2024,Member,Food & Beverages,83.34,Cash,7.6
3/19/2024,Member,Home & Lifestyle,75.53,Ewallet,8.3
3/19/2024,Member,Home & Lifestyle,38.81,Ewallet,4.9
3/19/2024,Normal,Electronics,75.06,Ewallet,6.2
3/19/2024,Normal,Sports & Travel,99.24,Ewallet,9
3/19/2024,Member,Electronics,88.55,Ewallet,4.7
3/19/2024,Normal,Electronics,26.61,Cash,4.2
3/19/2024,Normal,Electronics,46.2,Cash,6.3
3/19/2024,Normal,Health & Beauty,66.14,Credit card,5.6
3/19/2024,Member,Home & Lifestyle,23.29,Credit card,5.9
3/19/2024,Normal,Fashion & Accs,15.5,Credit card,7.4
3/19/2024,Normal,Electronics,32.71,Credit card,9.9
3/20/2024,Member,Food & Beverages,20.87,Credit card,8
3/20/2024,Member,Sports & Travel,38.72,Ewallet,4.2
3/20/2024,Normal,Fashion & Accs,99.25,Cash,9
3/20/2024,Member,Electronics,74.51,Ewallet,5
3/20/2024,Normal,Home & Lifestyle,92.36,Ewallet,4.9
3/20/2024,Member,Food & Beverages,79.91,Credit card,5
3/20/2024,Member,Food & Beverages,91.61,Cash,9.8
3/20/2024,Normal,Home & Lifestyle,93.96,Cash,9.8
3/20/2024,Member,Sports & Travel,25.25,Cash,6.1
3/20/2024,Member,Fashion & Accs,70.99,Cash,5.7
3/20/2024,Member,Home & Lifestyle,83.17,Cash,7.3
3/20/2024,Member,Sports & Travel,44.02,Credit card,9.6
3/20/2024,Normal,Food & Beverages,43.25,Cash,6.2
3/20/2024,Member,Fashion & Accs,33.63,Cash,5.6
3/20/2024,Normal,Sports & Travel,75.92,Cash,5.5
3/21/2024,Member,Electronics,26.48,Ewallet,4.7
3/21/2024,Normal,Electronics,90.02,Credit card,4.5
3/21/2024,Member,Home & Lifestyle,33.84,Ewallet,8.8
3/21/2024,Member,Electronics,28.45,Credit card,9.1
3/21/2024,Member,Sports & Travel,49.49,Ewallet,6.6
3/21/2024,Normal,Food & Beverages,57.29,Ewallet,5.9
3/22/2024,Member,Home & Lifestyle,52.59,Credit card,8.5
3/22/2024,Normal,Home & Lifestyle,50.93,Ewallet,9.2
3/22/2024,Normal,Food & Beverages,56.56,Credit card,4.5
3/22/2024,Normal,Sports & Travel,62.13,Cash,7.4
3/22/2024,Normal,Sports & Travel,85.91,Credit card,8.6
3/22/2024,Member,Fashion & Accs,17.87,Ewallet,6.5
3/22/2024,Member,Sports & Travel,88.43,Credit card,4.3
3/22/2024,Normal,Electronics,95.15,Cash,6
3/22/2024,Normal,Sports & Travel,37.02,Cash,4.5
3/22/2024,Normal,Home & Lifestyle,18.28,Credit card,8.3
3/23/2024,Normal,Food & Beverages,52.75,Ewallet,9.3
3/23/2024,Normal,Home & Lifestyle,25.29,Ewallet,6.1
3/23/2024,Normal,Fashion & Accs,37.15,Ewallet,8.3
3/23/2024,Member,Fashion & Accs,67.39,Ewallet,6.9
3/23/2024,Member,Electronics,73.47,Ewallet,9.5
3/23/2024,Member,Sports & Travel,15.5,Ewallet,8
3/23/2024,Normal,Health & Beauty,54.92,Ewallet,7.6
3/23/2024,Member,Fashion & Accs,91.54,Credit card,4.8
3/23/2024,Member,Home & Lifestyle,81.2,Credit card,8.1
3/23/2024,Normal,Home & Lifestyle,55.61,Cash,8.5
3/23/2024,Normal,Food & Beverages,73.88,Ewallet,4.4
3/24/2024,Member,Fashion & Accs,58.75,Credit card,5.9
3/24/2024,Member,Home & Lifestyle,65.94,Cash,6
3/24/2024,Member,Sports & Travel,14.7,Ewallet,8.5
3/24/2024,Normal,Health & Beauty,82.88,Credit card,6.6
3/24/2024,Normal,Sports & Travel,24.77,Cash,8.5
3/24/2024,Normal,Electronics,64.95,Cash,5.2
3/24/2024,Member,Home & Lifestyle,78.38,Cash,7.9
3/24/2024,Normal,Food & Beverages,33.98,Cash,4.2
3/24/2024,Member,Home & Lifestyle,70.32,Ewallet,9.6
3/24/2024,Member,Home & Lifestyle,74.86,Cash,6.9
3/24/2024,Normal,Home & Lifestyle,99.92,Ewallet,7.1
3/25/2024,Normal,Sports & Travel,93.31,Cash,6.3
3/25/2024,Normal,Electronics,52.89,Ewallet,6.7
3/25/2024,Normal,Electronics,85.39,Ewallet,4.1
3/25/2024,Normal,Food & Beverages,39.43,Credit card,9.4
3/25/2024,Normal,Health & Beauty,15.8,Cash,9.5
3/25/2024,Normal,Fashion & Accs,76.52,Cash,9.9
3/25/2024,Normal,Food & Beverages,55.39,Ewallet,8
3/25/2024,Member,Electronics,19.32,Cash,6.9
3/25/2024,Member,Electronics,36.36,Cash,7.6
3/26/2024,Normal,Health & Beauty,64.27,Cash,7.7
3/26/2024,Member,Health & Beauty,27.73,Credit card,4.2
3/26/2024,Member,Electronics,72.2,Ewallet,4.3
3/26/2024,Member,Health & Beauty,43.7,Cash,4.9
3/26/2024,Member,Fashion & Accs,41.28,Credit card,8.5
3/26/2024,Normal,Electronics,45.71,Credit card,7.7
3/26/2024,Member,Home & Lifestyle,12.29,Credit card,8
3/26/2024,Member,Sports & Travel,39.12,Credit card,9.6
3/26/2024,Normal,Fashion & Accs,52.38,Cash,5.8
3/26/2024,Member,Electronics,84.25,Credit card,5.3
3/26/2024,Member,Fashion & Accs,48.71,Cash,4.1
3/26/2024,Normal,Food & Beverages,16.31,Ewallet,8.4
3/26/2024,Member,Health & Beauty,10.69,Ewallet,7.6
3/27/2024,Normal,Food & Beverages,52.34,Cash,9.2
3/27/2024,Member,Food & Beverages,49.38,Credit card,7.3
3/27/2024,Normal,Sports & Travel,93.39,Ewallet,10
3/27/2024,Member,Home & Lifestyle,44.34,Cash,5.8
3/27/2024,Normal,Health & Beauty,32.46,Credit card,4.9
3/27/2024,Member,Food & Beverages,29.15,Credit card,7.3
3/27/2024,Member,Electronics,55.67,Ewallet,6
3/27/2024,Member,Food & Beverages,79.54,Ewallet,6.2
3/27/2024,Normal,Food & Beverages,32.32,Credit card,4.3
3/27/2024,Member,Fashion & Accs,99.82,Cash,6.6
3/28/2024,Normal,Electronics,26.02,Cash,5.1
3/28/2024,Normal,Electronics,47.65,Credit card,9.5
3/28/2024,Normal,Fashion & Accs,30.37,Ewallet,5.1
3/28/2024,Member,Fashion & Accs,71.46,Ewallet,4.5
3/28/2024,Normal,Food & Beverages,71.68,Credit card,9.2
3/28/2024,Member,Health & Beauty,10.08,Cash,4.2
3/28/2024,Member,Food & Beverages,51.34,Credit card,9.1
3/28/2024,Normal,Food & Beverages,58.26,Cash,9.9
3/28/2024,Member,Food & Beverages,38.6,Ewallet,7.5
3/28/2024,Member,Food & Beverages,49.79,Credit card,6.4
3/29/2024,Normal,Health & Beauty,71.77,Cash,8.9
3/29/2024,Normal,Health & Beauty,87.87,Ewallet,5.1
3/29/2024,Member,Electronics,82.34,Ewallet,4.3
3/29/2024,Member,Home & Lifestyle,72.42,Ewallet,8.2
3/29/2024,Member,Health & Beauty,54.86,Ewallet,9.8
3/29/2024,Normal,Electronics,28.84,Cash,6.4
3/29/2024,Normal,Health & Beauty,71.38,Cash,5.7
3/29/2024,Member,Health & Beauty,61.29,Cash,7
3/30/2024,Member,Electronics,96.82,Cash,6.7
3/30/2024,Member,Health & Beauty,97.22,Ewallet,6
3/30/2024,Member,Electronics,64.44,Cash,6.6
3/30/2024,Normal,Sports & Travel,89.48,Cash,7.4
3/30/2024,Member,Food & Beverages,93.4,Cash,5.5
3/30/2024,Normal,Sports & Travel,40.23,Cash,9.6
3/30/2024,Member,Health & Beauty,72.57,Cash,4.6
3/30/2024,Member,Food & Beverages,72.52,Credit card,4
3/30/2024,Member,Fashion & Accs,10.18,Credit card,9.5
3/30/2024,Member,Home & Lifestyle,34.42,Ewallet,7.5
3/30/2024,Normal,Health & Beauty,70.21,Cash,7.4
4/1/2024,Member,Electronics,37.06,Ewallet,9.7
4/1/2024,Member,Electronics,87.87,Ewallet,5.6
4/1/2024,Normal,Electronics,45.35,Ewallet,6.1
4/1/2024,Member,Electronics,66.35,Credit card,9.7
4/1/2024,Member,Food & Beverages,87.48,Ewallet,5.1
4/1/2024,Member,Food & Beverages,14.23,Credit card,4.4
4/1/2024,Normal,Electronics,23.07,Cash,4.9
4/1/2024,Member,Home & Lifestyle,80.79,Credit card,9.5
4/1/2024,Member,Electronics,26.26,Cash,9.9
4/1/2024,Normal,Fashion & Accs,62.18,Ewallet,6
4/1/2024,Normal,Fashion & Accs,69.08,Credit card,6.9
4/1/2024,Member,Health & Beauty,77.68,Cash,8.4
4/1/2024,Member,Fashion & Accs,43.13,Credit card,5.5
4/1/2024,Normal,Fashion & Accs,25.56,Cash,7.1
4/1/2024,Member,Fashion & Accs,83.35,Credit card,9.5
4/1/2024,Member,Health & Beauty,18.33,Cash,4.3
4/1/2024,Normal,Health & Beauty,17.41,Credit card,4.9
4/1/2024,Member,Health & Beauty,75.37,Credit card,8.4
4/1/2024,Member,Sports & Travel,79.93,Cash,5.5
4/1/2024,Member,Sports & Travel,69.52,Credit card,8.5
4/2/2024,Member,Food & Beverages,47.27,Cash,8.8
4/2/2024,Member,Electronics,20.89,Cash,9.8
4/2/2024,Normal,Health & Beauty,58.24,Cash,9.7
4/2/2024,Member,Food & Beverages,87.9,Ewallet,6.7
4/2/2024,Member,Health & Beauty,68.6,Cash,9.1
4/2/2024,Member,Health & Beauty,98.21,Credit card,7.8
4/2/2024,Normal,Health & Beauty,89.75,Credit card,6.6
4/2/2024,Normal,Electronics,22.95,Ewallet,8.2
4/2/2024,Member,Food & Beverages,20.01,Ewallet,4.1
4/2/2024,Member,Food & Beverages,99.42,Ewallet,7.5
4/2/2024,Member,Health & Beauty,25.9,Ewallet,8.7
4/2/2024,Member,Health & Beauty,28.5,Cash,6.6
4/2/2024,Normal,Food & Beverages,52.42,Credit card,6.3
4/2/2024,Member,Electronics,50.45,Credit card,8.9
4/2/2024,Normal,Health & Beauty,35.68,Credit card,6.6
4/2/2024,Normal,Electronics,28.96,Credit card,6.2
4/2/2024,Normal,Health & Beauty,89.6,Ewallet,6.6
4/2/2024,Member,Sports & Travel,16.49,Ewallet,4.6
4/2/2024,Member,Fashion & Accs,69.33,Ewallet,9.7
4/2/2024,Member,Sports & Travel,75.2,Ewallet,4.8
4/2/2024,Member,Home & Lifestyle,25.91,Ewallet,8.7
4/2/2024,Member,Fashion & Accs,96.98,Ewallet,9.4
4/2/2024,Member,Home & Lifestyle,35.81,Ewallet,7.9
4/2/2024,Member,Home & Lifestyle,37.44,Credit card,5.9
4/2/2024,Member,Fashion & Accs,14.48,Ewallet,4.5
4/3/2024,Member,Sports & Travel,16.49,Ewallet,4.6
4/3/2024,Member,Fashion & Accs,69.33,Ewallet,9.7
4/3/2024,Normal,Health & Beauty,58.24,Cash,9.7
4/3/2024,Member,Sports & Travel,75.2,Ewallet,4.8
4/3/2024,Member,Health & Beauty,68.6,Cash,9.1
4/3/2024,Member,Health & Beauty,98.21,Credit card,7.8
4/3/2024,Member,Home & Lifestyle,25.91,Ewallet,8.7
4/3/2024,Normal,Health & Beauty,89.75,Credit card,6.6
4/3/2024,Member,Fashion & Accs,96.98,Ewallet,9.4
4/3/2024,Member,Home & Lifestyle,35.81,Ewallet,7.9
4/3/2024,Member,Health & Beauty,25.9,Ewallet,8.7
4/3/2024,Member,Home & Lifestyle,37.44,Credit card,5.9
4/3/2024,Member,Fashion & Accs,14.48,Ewallet,4.5
4/3/2024,Member,Health & Beauty,28.5,Cash,6.6
4/3/2024,Normal,Health & Beauty,35.68,Credit card,6.6
4/3/2024,Member,Food & Beverages,35.04,Ewallet,4.6
4/3/2024,Normal,Food & Beverages,21.58,Ewallet,7.2
4/3/2024,Member,Electronics,81.4,Cash,4.8
4/3/2024,Member,Food & Beverages,31.84,Cash,7.7
4/3/2024,Member,Food & Beverages,21.08,Cash,7.3
4/3/2024,Normal,Electronics,12.45,Cash,4.1
4/4/2024,Normal,Fashion & Accs,62.12,Cash,5.9
4/4/2024,Normal,Sports & Travel,94.76,Ewallet,7.8
4/4/2024,Member,Electronics,39.48,Cash,6.5
4/4/2024,Member,Food & Beverages,87.1,Credit card,9.9
4/4/2024,Member,Fashion & Accs,52.35,Cash,4
4/4/2024,Normal,Fashion & Accs,94.87,Ewallet,8.7
4/4/2024,Member,Home & Lifestyle,60.38,Cash,6
4/4/2024,Normal,Electronics,46.95,Ewallet,7.1
4/4/2024,Normal,Health & Beauty,25.43,Ewallet,7
4/4/2024,Member,Sports & Travel,71.63,Ewallet,8.8
4/4/2024,Member,Electronics,76.82,Ewallet,7.2
4/4/2024,Member,Sports & Travel,20.18,Credit card,5
4/4/2024,Member,Fashion & Accs,92.98,Credit card,8
4/4/2024,Member,Fashion & Accs,29.56,Cash,6.9
4/4/2024,Normal,Fashion & Accs,22.51,Credit card,4.8
4/4/2024,Member,Food & Beverages,14.87,Credit card,8.9
4/4/2024,Member,Electronics,32.25,Ewallet,6.5
4/4/2024,Normal,Sports & Travel,13.69,Cash,6.3
4/4/2024,Member,Health & Beauty,91.3,Ewallet,9.2
4/4/2024,Normal,Sports & Travel,44.65,Cash,6.2
4/4/2024,Member,Health & Beauty,75.74,Cash,7.6
4/4/2024,Member,Sports & Travel,60.08,Credit card,4.5
4/4/2024,Member,Food & Beverages,27.66,Credit card,8.9
4/5/2024,Normal,Health & Beauty,33.64,Credit card,9.3
4/5/2024,Member,Health & Beauty,68.55,Credit card,9.2
4/5/2024,Member,Sports & Travel,24.74,Credit card,10
4/5/2024,Normal,Health & Beauty,15.26,Ewallet,9.8
4/5/2024,Member,Sports & Travel,88.31,Credit card,5.2
4/5/2024,Normal,Electronics,88.25,Credit card,7.6
4/5/2024,Normal,Health & Beauty,57.59,Cash,5.1
4/5/2024,Member,Fashion & Accs,80.48,Cash,8.1
4/5/2024,Member,Home & Lifestyle,17.77,Credit card,5.4
4/5/2024,Member,Fashion & Accs,99.3,Credit card,6.6
4/5/2024,Normal,Fashion & Accs,51.94,Cash,7.9
4/5/2024,Member,Health & Beauty,47.71,Ewallet,4.4
4/5/2024,Member,Food & Beverages,24.82,Credit card,7.1
4/5/2024,Member,Electronics,12.05,Ewallet,5.5
4/5/2024,Normal,Sports & Travel,51.91,Cash,8.2
4/5/2024,Normal,Fashion & Accs,36.51,Cash,4.2
4/5/2024,Member,Fashion & Accs,60.18,Credit card,9.4
4/5/2024,Member,Fashion & Accs,97.79,Ewallet,4.9
4/5/2024,Member,Fashion & Accs,91.35,Cash,6.8
4/5/2024,Normal,Sports & Travel,46.66,Ewallet,5.3
4/5/2024,Member,Electronics,35.74,Ewallet,4.9
4/5/2024,Member,Sports & Travel,67.99,Ewallet,5.7
4/5/2024,Member,Home & Lifestyle,88.79,Cash,4.1
4/5/2024,Normal,Electronics,11.81,Cash,9.4
4/5/2024,Member,Food & Beverages,80.96,Credit card,7.4
4/5/2024,Member,Electronics,87.45,Credit card,8.8
4/5/2024,Normal,Electronics,34.56,Ewallet,9.9
4/5/2024,Normal,Food & Beverages,32.9,Credit card,9.1
4/6/2024,Member,Home & Lifestyle,88.39,Cash,6.3
4/6/2024,Member,Sports & Travel,88.63,Ewallet,6
4/6/2024,Member,Health & Beauty,85.6,Cash,5.3
4/6/2024,Normal,Sports & Travel,73.98,Ewallet,4.1
4/6/2024,Normal,Sports & Travel,25.31,Ewallet,7.2
4/6/2024,Normal,Health & Beauty,73.41,Ewallet,4
4/6/2024,Normal,Sports & Travel,14.39,Credit card,7.2
4/6/2024,Member,Health & Beauty,46.53,Credit card,4.3
4/6/2024,Normal,Home & Lifestyle,44.01,Cash,8.8
4/6/2024,Normal,Health & Beauty,25,Ewallet,5.5
4/6/2024,Normal,Health & Beauty,28.95,Credit card,6
4/6/2024,Member,Home & Lifestyle,94.49,Ewallet,7.5
4/6/2024,Member,Home & Lifestyle,30.12,Cash,7.7
4/6/2024,Normal,Home & Lifestyle,46.33,Credit card,7.4
4/6/2024,Normal,Home & Lifestyle,33.3,Ewallet,7.2
4/6/2024,Normal,Health & Beauty,68.71,Cash,8.7
4/6/2024,Member,Food & Beverages,18.85,Ewallet,5.6
4/6/2024,Normal,Fashion & Accs,52.42,Ewallet,7.5
4/6/2024,Normal,Electronics,85.98,Cash,8.2
4/7/2024,Normal,Electronics,78.31,Ewallet,5.4
4/7/2024,Member,Health & Beauty,65.31,Credit card,4.2
4/7/2024,Member,Fashion & Accs,21.94,Ewallet,5.3
4/7/2024,Normal,Fashion & Accs,81.91,Cash,7.8
4/7/2024,Normal,Sports & Travel,83.06,Ewallet,4
4/7/2024,Normal,Health & Beauty,87.98,Ewallet,5.1
4/7/2024,Member,Food & Beverages,78.31,Ewallet,6.6
4/7/2024,Member,Sports & Travel,37.32,Ewallet,5.1
4/7/2024,Normal,Electronics,28.38,Cash,9.4
4/7/2024,Member,Sports & Travel,92.13,Cash,8.3
4/7/2024,Normal,Food & Beverages,62.08,Ewallet,5.4
4/7/2024,Normal,Sports & Travel,67.43,Ewallet,6.3
4/7/2024,Member,Sports & Travel,15.81,Credit card,8.6
4/7/2024,Normal,Health & Beauty,79.74,Ewallet,7.3
4/7/2024,Member,Electronics,21.5,Credit card,7.8
4/7/2024,Member,Home & Lifestyle,71.86,Credit card,6.2
4/7/2024,Member,Fashion & Accs,49.92,Credit card,7
4/8/2024,Normal,Home & Lifestyle,37,Credit card,7.9
4/8/2024,Normal,Electronics,84.07,Ewallet,4.4
4/8/2024,Normal,Home & Lifestyle,16.16,Ewallet,6.5
4/8/2024,Normal,Fashion & Accs,16.45,Ewallet,5.6
4/8/2024,Normal,Food & Beverages,99.79,Ewallet,8
4/8/2024,Member,Health & Beauty,15.55,Cash,5
4/8/2024,Member,Home & Lifestyle,28.31,Cash,8.2
4/8/2024,Normal,Home & Lifestyle,97.94,Ewallet,6.9
4/8/2024,Normal,Electronics,22.21,Credit card,8.6
4/8/2024,Normal,Home & Lifestyle,50.28,Ewallet,9.7
4/8/2024,Normal,Electronics,97.16,Ewallet,7.2
4/8/2024,Member,Food & Beverages,17.04,Ewallet,7
4/8/2024,Normal,Electronics,15.28,Cash,9.6
4/8/2024,Normal,Home & Lifestyle,33.99,Credit card,7.7
4/8/2024,Normal,Fashion & Accs,61.77,Cash,6.7
4/8/2024,Normal,Food & Beverages,43.27,Ewallet,5.7
4/9/2024,Normal,Fashion & Accs,37.55,Credit card,9.3
4/9/2024,Normal,Health & Beauty,81.3,Ewallet,5.3
4/9/2024,Normal,Health & Beauty,46.26,Credit card,9.5
4/9/2024,Member,Electronics,93.96,Cash,9.5
4/9/2024,Normal,Health & Beauty,51.71,Credit card,9.8
4/9/2024,Member,Food & Beverages,98.97,Cash,6.7
4/9/2024,Member,Sports & Travel,99.96,Credit card,4.2
4/9/2024,Normal,Sports & Travel,60.87,Ewallet,8.7
4/9/2024,Member,Health & Beauty,51.94,Ewallet,6.5
4/9/2024,Member,Sports & Travel,52.26,Credit card,6.2
4/9/2024,Normal,Fashion & Accs,95.54,Credit card,9.6
4/9/2024,Normal,Electronics,25.45,Credit card,5.1
4/9/2024,Normal,Food & Beverages,18.22,Credit card,6.6
4/10/2024,Member,Health & Beauty,81.95,Credit card,6
4/10/2024,Normal,Home & Lifestyle,93.69,Credit card,4.5
4/10/2024,Member,Home & Lifestyle,35.79,Credit card,5.1
4/10/2024,Member,Sports & Travel,62.62,Ewallet,7
4/10/2024,Normal,Fashion & Accs,87.67,Credit card,7.7
4/10/2024,Normal,Fashion & Accs,45.74,Credit card,6.5
4/10/2024,Member,Food & Beverages,10.13,Ewallet,8.3
4/10/2024,Normal,Home & Lifestyle,40.3,Ewallet,4.4
4/10/2024,Member,Health & Beauty,68.93,Credit card,4.6
4/10/2024,Normal,Food & Beverages,46.77,Cash,6
4/10/2024,Member,Sports & Travel,34.56,Credit card,7.3
4/10/2024,Normal,Health & Beauty,59.77,Credit card,5.8
4/10/2024,Normal,Home & Lifestyle,63.42,Ewallet,7.4
4/11/2024,Member,Electronics,72.17,Cash,6.1
4/11/2024,Member,Fashion & Accs,31.9,Ewallet,9.1
4/11/2024,Normal,Fashion & Accs,27.38,Credit card,7.9
4/11/2024,Member,Home & Lifestyle,35.38,Credit card,9.6
4/11/2024,Normal,Fashion & Accs,76.06,Credit card,9.8
4/11/2024,Member,Health & Beauty,74.69,Ewallet,9.1
4/11/2024,Normal,Food & Beverages,71.2,Credit card,9.2
4/11/2024,Member,Home & Lifestyle,70.74,Credit card,4.4
4/11/2024,Normal,Electronics,93.88,Credit card,7.3
4/11/2024,Normal,Health & Beauty,78.89,Ewallet,7.5
4/11/2024,Member,Fashion & Accs,73.96,Credit card,5
4/11/2024,Member,Home & Lifestyle,62.65,Cash,4.2
4/11/2024,Normal,Home & Lifestyle,42.91,Ewallet,6.1
4/11/2024,Normal,Home & Lifestyle,62.19,Ewallet,4.3
4/11/2024,Normal,Food & Beverages,89.48,Credit card,9.6
4/11/2024,Normal,Sports & Travel,15.34,Cash,6.5
4/11/2024,Member,Health & Beauty,80.47,Cash,9.2
4/11/2024,Member,Home & Lifestyle,58.9,Cash,8.9
4/12/2024,Member,Food & Beverages,49.79,Credit card,6.4
4/12/2024,Normal,Health & Beauty,71.77,Cash,8.9
4/12/2024,Normal,Health & Beauty,87.87,Ewallet,5.1
4/12/2024,Member,Electronics,82.34,Ewallet,4.3
4/12/2024,Member,Home & Lifestyle,72.42,Ewallet,8.2
4/12/2024,Member,Health & Beauty,54.86,Ewallet,9.8
4/12/2024,Normal,Electronics,28.84,Cash,6.4
4/12/2024,Normal,Health & Beauty,71.38,Cash,5.7
4/12/2024,Member,Health & Beauty,61.29,Cash,7
4/12/2024,Member,Electronics,96.82,Cash,6.7
4/12/2024,Member,Health & Beauty,97.22,Ewallet,6
4/12/2024,Member,Electronics,64.44,Cash,6.6
4/12/2024,Normal,Sports & Travel,89.48,Cash,7.4
4/12/2024,Member,Food & Beverages,93.4,Cash,5.5
4/12/2024,Normal,Sports & Travel,40.23,Cash,9.6
4/12/2024,Member,Health & Beauty,72.57,Cash,4.6
4/12/2024,Member,Food & Beverages,72.52,Credit card,4
4/12/2024,Member,Fashion & Accs,10.18,Credit card,9.5
4/12/2024,Member,Home & Lifestyle,34.42,Ewallet,7.5
4/12/2024,Normal,Health & Beauty,70.21,Cash,7.4
4/13/2024,Normal,Fashion & Accs,69.08,Credit card,6.9
4/13/2024,Normal,Electronics,45.35,Ewallet,6.1
4/13/2024,Member,Electronics,66.35,Credit card,9.7
4/13/2024,Member,Food & Beverages,87.48,Ewallet,5.1
4/13/2024,Member,Food & Beverages,14.23,Credit card,4.4
4/13/2024,Member,Sports & Travel,69.52,Credit card,8.5
4/13/2024,Normal,Electronics,23.07,Cash,4.9
4/13/2024,Member,Home & Lifestyle,80.79,Credit card,9.5
4/13/2024,Member,Health & Beauty,77.68,Cash,8.4
4/13/2024,Member,Electronics,26.26,Cash,9.9
4/13/2024,Member,Fashion & Accs,43.13,Credit card,5.5
4/13/2024,Normal,Fashion & Accs,25.56,Cash,7.1
4/13/2024,Member,Food & Beverages,38.42,Cash,8.6
4/13/2024,Normal,Health & Beauty,71.38,Cash,5.7
4/14/2024,Member,Fashion & Accs,72.04,Cash,9.5
4/14/2024,Normal,Fashion & Accs,48.63,Ewallet,7.6
4/14/2024,Member,Home & Lifestyle,77.68,Ewallet,9.8
4/14/2024,Member,Fashion & Accs,30.62,Credit card,4.1
4/14/2024,Member,Food & Beverages,42.82,Credit card,8.9
4/14/2024,Member,Food & Beverages,21.04,Cash,7.6
4/14/2024,Member,Fashion & Accs,59.86,Ewallet,6.7
4/14/2024,Normal,Food & Beverages,72.39,Credit card,8.1
4/14/2024,Normal,Sports & Travel,45.58,Cash,5
4/14/2024,Normal,Electronics,41.65,Credit card,5.4
4/14/2024,Member,Health & Beauty,60.47,Credit card,5.6
4/14/2024,Normal,Sports & Travel,34.81,Credit card,7
4/14/2024,Normal,Food & Beverages,77.56,Ewallet,6.9
4/15/2024,Member,Food & Beverages,93.4,Cash,5.5
4/15/2024,Normal,Sports & Travel,40.23,Cash,9.6
4/15/2024,Member,Health & Beauty,72.57,Cash,4.6
4/15/2024,Member,Food & Beverages,72.52,Credit card,4
4/15/2024,Member,Fashion & Accs,10.18,Credit card,9.5
4/15/2024,Member,Home & Lifestyle,34.42,Ewallet,7.5
4/15/2024,Normal,Health & Beauty,70.21,Cash,7.4
4/15/2024,Member,Electronics,37.06,Ewallet,9.7
4/15/2024,Member,Electronics,87.87,Ewallet,5.6
4/15/2024,Normal,Electronics,45.35,Ewallet,6.1
4/15/2024,Member,Electronics,66.35,Credit card,9.7
4/15/2024,Member,Food & Beverages,87.48,Ewallet,5.1
4/16/2024,Member,Health & Beauty,27.73,Credit card,4.2
4/16/2024,Member,Electronics,72.2,Ewallet,4.3
4/16/2024,Member,Health & Beauty,43.7,Cash,4.9
4/16/2024,Member,Fashion & Accs,41.28,Credit card,8.5
4/16/2024,Normal,Electronics,45.71,Credit card,7.7
4/16/2024,Member,Home & Lifestyle,12.29,Credit card,8
4/16/2024,Member,Sports & Travel,39.12,Credit card,9.6
4/16/2024,Member,Electronics,94.64,Cash,5.5
4/16/2024,Member,Health & Beauty,39.91,Ewallet,9.3
4/16/2024,Normal,Health & Beauty,83.66,Cash,7.2
4/16/2024,Normal,Sports & Travel,98.8,Cash,7.7
4/16/2024,Member,Fashion & Accs,12.54,Cash,8.2
4/16/2024,Member,Health & Beauty,58.22,Ewallet,8.4
4/16/2024,Normal,Sports & Travel,32.25,Cash,9
4/17/2024,Normal,Food & Beverages,33.88,Ewallet,9.6
4/17/2024,Member,Sports & Travel,67.26,Credit card,8
4/17/2024,Member,Home & Lifestyle,88.61,Cash,7.7
4/17/2024,Normal,Home & Lifestyle,58.07,Ewallet,4.3
4/17/2024,Normal,Food & Beverages,51.28,Cash,6.5
4/17/2024,Member,Sports & Travel,82.93,Ewallet,9.6
4/17/2024,Member,Fashion & Accs,63.88,Ewallet,9.9
4/17/2024,Normal,Home & Lifestyle,89.25,Cash,4.7
4/17/2024,Normal,Home & Lifestyle,73.22,Cash,7.2
4/17/2024,Normal,Health & Beauty,99.19,Credit card,5.5
4/17/2024,Normal,Health & Beauty,53.17,Cash,8.9
4/17/2024,Member,Sports & Travel,98.13,Cash,8.9
4/17/2024,Normal,Food & Beverages,36.36,Cash,7.1
4/18/2024,Normal,Fashion & Accs,86.68,Credit card,7.2
4/18/2024,Normal,Electronics,48.62,Cash,5
4/18/2024,Normal,Home & Lifestyle,60.87,Cash,5.5
4/18/2024,Member,Home & Lifestyle,73.28,Ewallet,8.4
4/18/2024,Member,Health & Beauty,77.5,Ewallet,4.3
4/18/2024,Normal,Electronics,75.88,Ewallet,8.9
4/18/2024,Normal,Fashion & Accs,60.96,Credit card,4.9
4/18/2024,Normal,Food & Beverages,48.51,Credit card,5.2
4/18/2024,Member,Home & Lifestyle,60.01,Cash,4.5
4/18/2024,Member,Health & Beauty,96.11,Ewallet,7.8
4/18/2024,Member,Health & Beauty,51.13,Credit card,4
4/19/2024,Member,Health & Beauty,58.22,Ewallet,8.4
4/19/2024,Member,Sports & Travel,32.25,Cash,9
4/19/2024,Normal,Health & Beauty,96.16,Credit card,8.4
4/19/2024,Normal,Home & Lifestyle,69.4,Ewallet,9
4/19/2024,Member,Home & Lifestyle,12.03,Cash,5.1
4/19/2024,Normal,Food & Beverages,81.71,Credit card,8
4/19/2024,Member,Health & Beauty,19.15,Credit card,9.5
4/19/2024,Normal,Sports & Travel,80.97,Cash,9.3
4/19/2024,Normal,Food & Beverages,11.53,Cash,8.1
4/19/2024,Normal,Fashion & Accs,23.82,Ewallet,5.4
4/20/2024,Normal,Fashion & Accs,83.24,Credit card,7.4
4/20/2024,Member,Home & Lifestyle,22.96,Cash,4.3
4/20/2024,Normal,Electronics,23.65,Credit card,4
4/20/2024,Normal,Electronics,93.78,Credit card,5.9
4/20/2024,Member,Food & Beverages,98.52,Ewallet,4.5
4/20/2024,Member,Sports & Travel,22.38,Credit card,8.6
4/20/2024,Member,Food & Beverages,97.03,Ewallet,9.3
4/20/2024,Member,Electronics,72.13,Credit card,4.2
4/20/2024,Normal,Fashion & Accs,51.34,Ewallet,7.6
4/20/2024,Normal,Sports & Travel,75.82,Cash,5.8
4/20/2024,Normal,Fashion & Accs,62.18,Ewallet,6
4/20/2024,Member,Electronics,37.06,Ewallet,9.7
4/20/2024,Member,Sports & Travel,79.93,Cash,5.5
4/20/2024,Normal,Electronics,87.87,Ewallet,5.6
4/21/2024,Normal,Food & Beverages,14.87,Credit card,8.9
4/21/2024,Member,Electronics,32.25,Ewallet,6.5
4/21/2024,Normal,Sports & Travel,13.69,Cash,6.3
4/21/2024,Normal,Health & Beauty,91.3,Ewallet,9.2
4/21/2024,Member,Sports & Travel,44.65,Cash,6.2
4/21/2024,Member,Health & Beauty,75.74,Cash,7.6
4/21/2024,Member,Sports & Travel,60.08,Credit card,4.5
4/21/2024,Member,Food & Beverages,27.66,Credit card,8.9
4/21/2024,Member,Food & Beverages,99.37,Cash,5.2
4/21/2024,Normal,Health & Beauty,58.32,Ewallet,6
4/21/2024,Normal,Health & Beauty,76.9,Cash,7.7
4/21/2024,Normal,Food & Beverages,77.4,Credit card,4.5
4/21/2024,Normal,Food & Beverages,67.1,Cash,7.5
4/21/2024,Normal,Health & Beauty,33.64,Credit card,9.3
4/21/2024,Normal,Health & Beauty,68.55,Credit card,9.2
4/21/2024,Member,Sports & Travel,24.74,Credit card,10
4/22/2024,Normal,Food & Beverages,26.43,Ewallet,8.9
4/22/2024,Normal,Fashion & Accs,83.77,Cash,4.6
4/22/2024,Normal,Fashion & Accs,94.13,Credit card,4.8
4/22/2024,Normal,Food & Beverages,94.13,Cash,5.8
4/22/2024,Member,Food & Beverages,48.61,Cash,4.4
4/22/2024,Member,Health & Beauty,62.57,Cash,9.5
4/22/2024,Member,Fashion & Accs,73.05,Credit card,4.9
4/22/2024,Member,Health & Beauty,65.18,Credit card,6.3
4/22/2024,Member,Fashion & Accs,99.89,Ewallet,7.1
4/22/2024,Member,Fashion & Accs,55.45,Credit card,4.9
4/22/2024,Normal,Health & Beauty,56.69,Credit card,8.4
4/22/2024,Member,Health & Beauty,67.27,Cash,6.9
4/22/2024,Normal,Fashion & Accs,19.77,Credit card,5
4/23/2024,Normal,Fashion & Accs,52.42,Ewallet,7.5
4/23/2024,Normal,Food & Beverages,74.44,Ewallet,5.1
4/23/2024,Normal,Fashion & Accs,41.09,Cash,7.3
4/23/2024,Member,Health & Beauty,56,Ewallet,4.8
4/23/2024,Member,Food & Beverages,80.62,Cash,9.1
4/23/2024,Normal,Fashion & Accs,93.2,Credit card,6
4/23/2024,Member,Food & Beverages,74.89,Ewallet,4.2
4/23/2024,Normal,Home & Lifestyle,34.73,Ewallet,9.7
4/23/2024,Normal,Sports & Travel,54.55,Credit card,7.1
4/23/2024,Member,Sports & Travel,39.47,Credit card,5
4/24/2024,Normal,Health & Beauty,10.75,Ewallet,6.2
4/24/2024,Member,Health & Beauty,96.58,Credit card,5.1
4/24/2024,Normal,Health & Beauty,92.78,Credit card,9.8
4/24/2024,Normal,Food & Beverages,87.8,Cash,9.2
4/24/2024,Member,Food & Beverages,63.61,Ewallet,4.8
4/24/2024,Normal,Health & Beauty,15.37,Cash,7.2
4/24/2024,Member,Food & Beverages,91.61,Cash,9.8
4/24/2024,Normal,Food & Beverages,43.25,Cash,6.2
4/24/2024,Member,Food & Beverages,57.29,Ewallet,5.9
4/24/2024,Normal,Food & Beverages,56.56,Credit card,4.5
4/24/2024,Member,Food & Beverages,52.75,Ewallet,9.3
4/24/2024,Member,Health & Beauty,54.92,Ewallet,7.6
4/25/2024,Member,Health & Beauty,21.8,Cash,8.3
4/25/2024,Normal,Sports & Travel,64.08,Credit card,7.3
4/25/2024,Member,Food & Beverages,41.24,Cash,7.1
4/25/2024,Member,Food & Beverages,54.84,Credit card,5.9
4/25/2024,Normal,Food & Beverages,39.9,Credit card,5.9
4/25/2024,Member,Food & Beverages,92.29,Credit card,9
4/25/2024,Member,Food & Beverages,57.74,Ewallet,7.7
4/25/2024,Normal,Health & Beauty,66.68,Cash,7.6
4/25/2024,Member,Health & Beauty,32.32,Credit card,10
4/26/2024,Member,Health & Beauty,17.97,Ewallet,6.4
4/26/2024,Normal,Food & Beverages,98.79,Ewallet,6.4
4/26/2024,Member,Sports & Travel,58.39,Credit card,8.2
4/26/2024,Normal,Food & Beverages,73.47,Cash,6
4/26/2024,Member,Food & Beverages,80.36,Credit card,8.3
4/26/2024,Normal,Home & Lifestyle,55.73,Ewallet,7
4/26/2024,Member,Sports & Travel,91.41,Ewallet,7.1
4/26/2024,Member,Food & Beverages,94.13,Cash,5.8
4/26/2024,Normal,Home & Lifestyle,82.04,Credit card,7.6
4/26/2024,Normal,Food & Beverages,48.61,Cash,4.4
4/26/2024,Normal,Sports & Travel,88.45,Credit card,9.5
4/27/2024,Member,Food & Beverages,81.21,Credit card,6.3
4/27/2024,Member,Food & Beverages,57.89,Ewallet,8.9
4/27/2024,Normal,Home & Lifestyle,21.52,Credit card,9.4
4/27/2024,Normal,Home & Lifestyle,94.59,Credit card,4.9
4/27/2024,Normal,Health & Beauty,62.82,Ewallet,4.9
4/27/2024,Member,Food & Beverages,65.65,Cash,6
4/27/2024,Member,Home & Lifestyle,86.72,Ewallet,7.9
4/27/2024,Normal,Fashion & Accs,88.15,Ewallet,7.9
4/27/2024,Normal,Fashion & Accs,17.48,Credit card,6.1
4/27/2024,Normal,Fashion & Accs,99.1,Cash,4.2
4/27/2024,Member,Home & Lifestyle,45.68,Ewallet,5.7
4/28/2024,Member,Food & Beverages,87.1,Credit card,9.9
4/28/2024,Member,Fashion & Accs,52.35,Cash,4
4/28/2024,Normal,Fashion & Accs,94.87,Ewallet,8.7
4/28/2024,Member,Fashion & Accs,92.98,Credit card,8
4/28/2024,Normal,Fashion & Accs,29.56,Cash,6.9
4/28/2024,Normal,Food & Beverages,99.37,Cash,5.2
4/28/2024,Member,Food & Beverages,52.2,Credit card,9.5
4/28/2024,Member,Fashion & Accs,72.84,Cash,8.4
4/29/2024,Member,Food & Beverages,71.39,Credit card,5.5
4/29/2024,Normal,Fashion & Accs,45.38,Credit card,7.2
4/29/2024,Member,Fashion & Accs,90.22,Cash,6.2
4/29/2024,Member,Fashion & Accs,88.34,Cash,6.6
4/29/2024,Member,Fashion & Accs,98.48,Ewallet,9.2
4/29/2024,Member,Food & Beverages,98.66,Cash,8.4
4/29/2024,Normal,Food & Beverages,41.24,Cash,7.1
4/29/2024,Normal,Fashion & Accs,12.54,Cash,8.2
4/29/2024,Normal,Fashion & Accs,39.75,Ewallet,9.6
4/29/2024,Member,Food & Beverages,30.41,Credit card,8.4
4/29/2024,Member,Fashion & Accs,17.49,Ewallet,6.6
4/29/2024,Member,Food & Beverages,35.89,Credit card,7.9
4/30/2024,Normal,Food & Beverages,94.13,Cash,5.8
4/30/2024,Member,Food & Beverages,48.61,Cash,4.4
4/30/2024,Member,Health & Beauty,62.57,Cash,9.5
4/30/2024,Member,Fashion & Accs,73.05,Credit card,4.9
4/30/2024,Member,Health & Beauty,65.18,Credit card,6.3
4/30/2024,Normal,Health & Beauty,42.57,Ewallet,5.6
4/30/2024,Member,Food & Beverages,62.85,Ewallet,8.7
4/30/2024,Normal,Food & Beverages,22.93,Cash,5.5
4/30/2024,Member,Fashion & Accs,55.45,Credit card,4.9
4/30/2024,Normal,Health & Beauty,56.69,Credit card,8.4
4/30/2024,Normal,Health & Beauty,67.27,Cash,6.9
5/1/2024,Normal,Health & Beauty,25.43,Credit card,7.1
5/1/2024,Normal,Fashion & Accs,79.86,Cash,6.2
5/1/2024,Normal,Food & Beverages,84.63,Ewallet,7.2
5/1/2024,Normal,Food & Beverages,21.12,Ewallet,6.9
5/1/2024,Normal,Sports & Travel,70.19,Credit card,8.1
5/1/2024,Member,Food & Beverages,41.66,Cash,6.8
5/1/2024,Normal,Food & Beverages,71.2,Credit card,8.3
5/1/2024,Normal,Health & Beauty,91.3,Cash,7.2
5/1/2024,Normal,Fashion & Accs,89.69,Credit card,5.5
5/1/2024,Normal,Home & Lifestyle,16.37,Cash,6.3
5/1/2024,Normal,Health & Beauty,75.74,Cash,8.8
5/1/2024,Member,Health & Beauty,58.32,Cash,6.3
5/1/2024,Normal,Home & Lifestyle,45.97,Credit card,6.8
5/1/2024,Normal,Food & Beverages,89.48,Credit card,7.6
5/1/2024,Member,Food & Beverages,40.94,Ewallet,8.3
5/1/2024,Normal,Home & Lifestyle,15.95,Credit card,7.5
5/1/2024,Normal,Electronics,63.22,Ewallet,7.2
5/1/2024,Member,Food & Beverages,27.22,Credit card,7.7
5/1/2024,Member,Food & Beverages,89.14,Cash,8.1
5/1/2024,Normal,Food & Beverages,33.21,Ewallet,9.8
5/1/2024,Normal,Food & Beverages,68.54,Credit card,6.6
5/1/2024,Normal,Electronics,74.71,Ewallet,6.6
5/1/2024,Normal,Food & Beverages,74.6,Credit card,6.6
5/1/2024,Normal,Food & Beverages,24.31,Cash,8.5
5/2/2024,Normal,Food & Beverages,72.88,Ewallet,7.5
5/2/2024,Member,Electronics,74.22,Cash,5.4
5/2/2024,Normal,Health & Beauty,76.9,Credit card,9.7
5/2/2024,Normal,Food & Beverages,50.49,Ewallet,7.9
5/2/2024,Normal,Health & Beauty,33.64,Ewallet,7.1
5/2/2024,Normal,Food & Beverages,24.94,Cash,8.5
5/2/2024,Normal,Health & Beauty,68.55,Cash,5.9
5/2/2024,Normal,Home & Lifestyle,65.91,Ewallet,8.7
5/2/2024,Normal,Home & Lifestyle,74.07,Ewallet,5.9
5/2/2024,Member,Home & Lifestyle,36.91,Credit card,8
5/2/2024,Normal,Food & Beverages,36.77,Cash,5.5
5/2/2024,Normal,Food & Beverages,48.5,Ewallet,8.2
5/2/2024,Normal,Health & Beauty,15.26,Ewallet,6.7
5/2/2024,Normal,Home & Lifestyle,86.69,Ewallet,5.4
5/2/2024,Normal,Food & Beverages,13.79,Cash,7.9
5/2/2024,Normal,Health & Beauty,57.59,Cash,7.8
5/2/2024,Member,Fashion & Accs,83.25,Cash,8.3
5/2/2024,Normal,Electronics,22.01,Ewallet,7.9
5/2/2024,Normal,Food & Beverages,21.04,Cash,7.5
5/2/2024,Normal,Food & Beverages,72.39,Ewallet,7.8
5/2/2024,Member,Fashion & Accs,29.42,Cash,5.8
5/2/2024,Normal,Food & Beverages,99.69,Ewallet,8.9
5/2/2024,Member,Food & Beverages,84.83,Credit card,7.3
5/2/2024,Normal,Health & Beauty,47.71,Credit card,7.6
5/2/2024,Member,Sports & Travel,51.54,Credit card,5.8
5/3/2024,Normal,Home & Lifestyle,77.04,Cash,6.3
5/3/2024,Normal,Health & Beauty,92.09,Cash,8.4
5/3/2024,Normal,Fashion & Accs,20.01,Credit card,9.6
5/3/2024,Normal,Home & Lifestyle,80.08,Ewallet,7.3
5/3/2024,Member,Food & Beverages,73.06,Credit card,8.1
5/3/2024,Normal,Home & Lifestyle,60.38,Ewallet,6.4
5/3/2024,Normal,Sports & Travel,44.86,Credit card,7
5/3/2024,Normal,Health & Beauty,14.76,Cash,8.6
5/3/2024,Normal,Food & Beverages,31.77,Ewallet,8.5
5/3/2024,Normal,Sports & Travel,14.36,Cash,6.7
5/3/2024,Member,Sports & Travel,32.25,Credit card,7.7
5/3/2024,Member,Sports & Travel,80.97,Credit card,5.9
5/3/2024,Normal,Health & Beauty,44.07,Credit card,8.1
5/3/2024,Member,Food & Beverages,83.77,Cash,9.8
5/3/2024,Normal,Health & Beauty,50.79,Cash,5.3
5/3/2024,Normal,Food & Beverages,17.44,Credit card,7.6
5/3/2024,Normal,Sports & Travel,78.07,Credit card,7.1
5/3/2024,Normal,Food & Beverages,93.26,Cash,8.1
5/3/2024,Member,Electronics,66.65,Credit card,7.2
5/3/2024,Normal,Health & Beauty,21.8,Cash,7.7
5/3/2024,Normal,Health & Beauty,66.68,Cash,8.7
5/3/2024,Normal,Health & Beauty,32.32,Credit card,7.5
5/3/2024,Normal,Food & Beverages,52.6,Ewallet,7.2
5/4/2024,Member,Health & Beauty,39.91,Cash,6.1
5/4/2024,Member,Food & Beverages,81.21,Cash,8.7
5/4/2024,Normal,Health & Beauty,83.66,Ewallet,7.9
5/4/2024,Member,Food & Beverages,57.89,Cash,7.4
5/4/2024,Normal,Health & Beauty,17.97,Ewallet,8.1
5/4/2024,Member,Food & Beverages,65.65,Credit card,7.3
5/4/2024,Member,Health & Beauty,10.16,Ewallet,7.1
5/4/2024,Normal,Food & Beverages,19.79,Credit card,8.7
5/4/2024,Normal,Food & Beverages,59.59,Credit card,9.3
5/4/2024,Normal,Health & Beauty,62.57,Credit card,9.4
5/4/2024,Member,Fashion & Accs,74.29,Credit card,8.8
5/4/2024,Member,Home & Lifestyle,69.96,Credit card,7.5
5/4/2024,Member,Food & Beverages,43.18,Ewallet,8.1
5/4/2024,Normal,Food & Beverages,33.88,Cash,8.5
5/4/2024,Member,Health & Beauty,65.18,Ewallet,8.5
5/4/2024,Normal,Food & Beverages,51.28,Cash,5.8
5/4/2024,Normal,Health & Beauty,42.57,Cash,7.4
5/4/2024,Normal,Health & Beauty,99.71,Ewallet,7.3
5/4/2024,Normal,Home & Lifestyle,17.77,Ewallet,7.5
5/4/2024,Normal,Home & Lifestyle,88.79,Ewallet,9.5
5/4/2024,Normal,Food & Beverages,36.36,Cash,5.2
5/5/2024,Normal,Food & Beverages,68.98,Ewallet,9.3
5/5/2024,Normal,Food & Beverages,54.67,Credit card,6.8
5/5/2024,Normal,Food & Beverages,28.86,Credit card,5.3
5/5/2024,Normal,Home & Lifestyle,34.42,Cash,6.8
5/5/2024,Normal,Fashion & Accs,59.86,Ewallet,5.6
5/5/2024,Normal,Health & Beauty,56.69,Ewallet,6.5
5/5/2024,Member,Home & Lifestyle,37.69,Credit card,8.9
5/5/2024,Normal,Fashion & Accs,18.08,Cash,6
5/5/2024,Normal,Food & Beverages,47.63,Credit card,6.9
5/5/2024,Normal,Food & Beverages,38.47,Ewallet,8.2
5/5/2024,Normal,Home & Lifestyle,86.27,Ewallet,5.5
5/5/2024,Member,Sports & Travel,22.01,Credit card,7.6
5/5/2024,Normal,Food & Beverages,19.25,Credit card,8.9
5/5/2024,Normal,Health & Beauty,67.27,Ewallet,8.7
5/5/2024,Normal,Food & Beverages,98.53,Cash,4.8
5/5/2024,Member,Food & Beverages,48.51,Cash,8.8
5/5/2024,Normal,Food & Beverages,88.36,Cash,6.5
5/5/2024,Normal,Food & Beverages,80.05,Ewallet,8.1
5/5/2024,Normal,Food & Beverages,78.88,Credit card,6.3
5/5/2024,Normal,Health & Beauty,76.99,Ewallet,6.8
5/6/2024,Normal,Food & Beverages,33.33,Credit card,8
5/6/2024,Normal,Fashion & Accs,96.7,Cash,5.4
5/6/2024,Normal,Food & Beverages,96.68,Cash,8.3
5/6/2024,Normal,Health & Beauty,85.87,Credit card,8.5
5/6/2024,Normal,Food & Beverages,90.24,Ewallet,8
5/6/2024,Normal,Sports & Travel,27.93,Cash,6.2
5/6/2024,Normal,Food & Beverages,81.71,Cash,9.8
5/6/2024,Normal,Health & Beauty,13.5,Ewallet,4.9
5/6/2024,Normal,Health & Beauty,69.51,Cash,6.8
5/6/2024,Normal,Food & Beverages,11.53,Ewallet,6.2
5/6/2024,Normal,Home & Lifestyle,65.82,Ewallet,7
5/6/2024,Normal,Food & Beverages,84.05,Ewallet,8.6
5/6/2024,Member,Sports & Travel,19.15,Credit card,7.6
5/6/2024,Member,Food & Beverages,98.52,Credit card,9.1
5/7/2024,Normal,Health & Beauty,14.82,Credit card,7.1
5/7/2024,Normal,Home & Lifestyle,12.73,Ewallet,6
5/7/2024,Member,Food & Beverages,97.03,Cash,5.4
5/7/2024,Member,Food & Beverages,87.48,Cash,8.3
5/7/2024,Normal,Food & Beverages,14.23,Ewallet,5.4
5/7/2024,Normal,Fashion & Accs,56.04,Ewallet,8.3
5/7/2024,Normal,Food & Beverages,38.42,Credit card,7.5
5/7/2024,Member,Food & Beverages,65.97,Ewallet,9.6
5/7/2024,Normal,Food & Beverages,46.55,Credit card,7.1
5/7/2024,Normal,Food & Beverages,10.96,Ewallet,8.3
5/7/2024,Normal,Food & Beverages,27.28,Cash,8.9
5/7/2024,Member,Home & Lifestyle,68.97,Credit card,8.8
5/7/2024,Normal,Food & Beverages,47.16,Ewallet,8.1
5/8/2024,Normal,Home & Lifestyle,55.73,Ewallet,7.5
5/8/2024,Normal,Food & Beverages,91.4,Cash,7.5
5/8/2024,Normal,Electronics,72.17,Ewallet,7.5
5/8/2024,Normal,Health & Beauty,85.6,Ewallet,6.8
5/8/2024,Normal,Sports & Travel,26.67,Ewallet,6.9
5/8/2024,Normal,Sports & Travel,22.38,Ewallet,9.2
5/8/2024,Normal,Electronics,93.88,Ewallet,8.5
5/8/2024,Member,Food & Beverages,67.45,Ewallet,7.5
5/8/2024,Member,Home & Lifestyle,47.68,Ewallet,7.3
5/8/2024,Normal,Food & Beverages,40.52,Ewallet,6.4
5/8/2024,Member,Health & Beauty,73.41,Credit card,9.8
5/8/2024,Member,Food & Beverages,67.77,Ewallet,6.2
5/9/2024,Normal,Food & Beverages,23.34,Credit card,6.1
5/9/2024,Member,Health & Beauty,46.53,Cash,8.2
5/9/2024,Normal,Electronics,77.72,Ewallet,7.6
5/9/2024,Normal,Sports & Travel,76.4,Cash,7.1
5/9/2024,Member,Sports & Travel,23.75,Credit card,9.2
5/9/2024,Normal,Food & Beverages,42.82,Credit card,8.7
5/9/2024,Normal,Fashion & Accs,73.52,Cash,8.2
5/9/2024,Normal,Fashion & Accs,39.21,Cash,7.8
5/9/2024,Normal,Health & Beauty,25,Ewallet,8.6
5/9/2024,Normal,Health & Beauty,28.95,Ewallet,7.8
5/9/2024,Normal,Health & Beauty,68.71,Ewallet,9.1
5/10/2024,Normal,Food & Beverages,47.27,Cash,8.9
5/10/2024,Normal,Food & Beverages,87.9,Credit card,7.2
5/10/2024,Member,Sports & Travel,75.82,Ewallet,5.9
5/10/2024,Normal,Sports & Travel,79.93,Ewallet,5.5
5/10/2024,Normal,Sports & Travel,69.52,Ewallet,9.4
5/10/2024,Normal,Food & Beverages,20.01,Ewallet,9.5
5/10/2024,Normal,Food & Beverages,99.42,Credit card,6
5/10/2024,Normal,Health & Beauty,14.62,Credit card,6.8
5/10/2024,Normal,Food & Beverages,52.42,Ewallet,6.5
5/10/2024,Member,Food & Beverages,16.48,Cash,9.7
5/11/2024,Member,Health & Beauty,99.83,Credit card,8.4
5/11/2024,Normal,Home & Lifestyle,73.56,Credit card,6.8
5/11/2024,Member,Food & Beverages,43.19,Cash,7.5
5/11/2024,Normal,Food & Beverages,54.36,Cash,7.8
5/11/2024,Normal,Food & Beverages,35.04,Cash,8.1
5/11/2024,Normal,Food & Beverages,21.58,Cash,7.6
5/11/2024,Normal,Home & Lifestyle,82.04,Ewallet,7.2
5/11/2024,Member,Health & Beauty,48.63,Ewallet,5.5
5/11/2024,Normal,Home & Lifestyle,34.73,Ewallet,8.2
5/12/2024,Normal,Home & Lifestyle,97.38,Ewallet,7.1
5/12/2024,Normal,Home & Lifestyle,27,Cash,8
5/12/2024,Normal,Food & Beverages,31.84,Credit card,7
5/12/2024,Normal,Health & Beauty,41.06,Ewallet,5.7
5/12/2024,Normal,Home & Lifestyle,88.39,Cash,5.9
5/12/2024,Normal,Health & Beauty,25.32,Credit card,5.5
5/12/2024,Normal,Home & Lifestyle,44.01,Cash,8
5/12/2024,Member,Sports & Travel,51.52,Cash,7.8
5/13/2024,Normal,Health & Beauty,55.97,Ewallet,5.1
5/13/2024,Member,Food & Beverages,21.08,Cash,8.4
5/13/2024,Normal,Health & Beauty,65.31,Ewallet,6.3
5/13/2024,Normal,Fashion & Accs,51.36,Ewallet,7
5/13/2024,Member,Food & Beverages,44.59,Cash,7.2
5/13/2024,Normal,Fashion & Accs,88.15,Credit card,8.2
5/13/2024,Normal,Home & Lifestyle,94.49,Cash,7.2
5/13/2024,Member,Food & Beverages,89.2,Ewallet,7.8
5/13/2024,Normal,Health & Beauty,87.98,Cash,7.6
5/13/2024,Normal,Food & Beverages,77.2,Cash,9
5/14/2024,Normal,Health & Beauty,79.74,Cash,8.3
5/14/2024,Normal,Food & Beverages,87.1,Cash,7.8
5/14/2024,Member,Health & Beauty,15.55,Cash,5.8
5/14/2024,Normal,Sports & Travel,55.07,Ewallet,5.2
5/14/2024,Member,Sports & Travel,42.97,Ewallet,9.8
5/14/2024,Member,Home & Lifestyle,30.12,Ewallet,7.9
5/14/2024,Member,Food & Beverages,14.87,Ewallet,6
5/14/2024,Normal,Food & Beverages,27.66,Ewallet,8.3
5/14/2024,Normal,Home & Lifestyle,46.33,Ewallet,6.6
5/14/2024,Normal,Food & Beverages,99.37,Ewallet,7.4
5/14/2024,Normal,Home & Lifestyle,33.3,Cash,6.3
5/14/2024,Member,Fashion & Accs,60.74,Ewallet,7.9
5/15/2024,Normal,Electronics,50.23,Ewallet,6.1
5/15/2024,Normal,Fashion & Accs,60.74,Ewallet,7.7
5/15/2024,Normal,Food & Beverages,52.2,Ewallet,6.9
5/15/2024,Normal,Food & Beverages,77.4,Cash,7.1
5/15/2024,Normal,Home & Lifestyle,56.53,Credit card,5.1
5/15/2024,Normal,Food & Beverages,67.1,Credit card,9.8
5/15/2024,Normal,Food & Beverages,24.82,Cash,6.2
5/15/2024,Member,Fashion & Accs,60.74,Cash,6.7
5/15/2024,Normal,Food & Beverages,80.96,Ewallet,7
5/15/2024,Member,Home & Lifestyle,12.12,Cash,8.6
5/15/2024,Normal,Food & Beverages,32.9,Ewallet,8.8
5/15/2024,Normal,Electronics,79.59,Cash,7.1
5/15/2024,Member,Electronics,96.37,Credit card,6.7
5/15/2024,Normal,Home & Lifestyle,95.46,Cash,4.7
5/15/2024,Normal,Food & Beverages,71.39,Cash,8.4
5/15/2024,Member,Health & Beauty,81.3,Cash,8.9
5/15/2024,Normal,Food & Beverages,98.66,Credit card,7.7
5/15/2024,Normal,Food & Beverages,41.24,Cash,6.6
5/15/2024,Normal,Health & Beauty,46.26,Ewallet,7
5/16/2024,Member,Home & Lifestyle,82.7,Cash,7.2
5/16/2024,Member,Sports & Travel,73.95,Ewallet,8.2
5/16/2024,Normal,Sports & Travel,49.33,Ewallet,8.5
5/16/2024,Member,Sports & Travel,73.97,Credit card,8
5/16/2024,Normal,Food & Beverages,54.84,Credit card,8.5
5/16/2024,Normal,Sports & Travel,43.06,Credit card,6.6
5/16/2024,Normal,Food & Beverages,39.9,Ewallet,8.3
5/16/2024,Member,Sports & Travel,16.49,Ewallet,8.2
5/16/2024,Member,Food & Beverages,60.3,Cash,8.5
5/16/2024,Member,Electronics,74.79,Credit card,6.9
5/16/2024,Normal,Health & Beauty,51.71,Cash,9.8
5/17/2024,Normal,Electronics,13.78,Credit card,8.4
5/17/2024,Normal,Food & Beverages,92.29,Credit card,7
5/17/2024,Normal,Health & Beauty,51.94,Ewallet,6.2
5/17/2024,Member,Health & Beauty,81.95,Ewallet,6.9
5/17/2024,Normal,Food & Beverages,57.74,Cash,7.9
5/17/2024,Member,Food & Beverages,30.41,Credit card,6.1
5/17/2024,Member,Health & Beauty,68.93,Ewallet,7.2
5/17/2024,Member,Food & Beverages,35.89,Cash,6.9
5/17/2024,Normal,Sports & Travel,75.2,Credit card,6.7
5/17/2024,Member,Health & Beauty,59.77,Cash,8.3
5/18/2024,Normal,Home & Lifestyle,71.86,Ewallet,6
5/18/2024,Normal,Home & Lifestyle,37,Credit card,7.4
5/18/2024,Normal,Food & Beverages,98.79,Ewallet,6.8
5/18/2024,Normal,Food & Beverages,73.47,Ewallet,7.5
5/18/2024,Normal,Fashion & Accs,60.74,Ewallet,6.7
5/18/2024,Normal,Fashion & Accs,60.74,Ewallet,9.4
5/18/2024,Normal,Food & Beverages,80.36,Cash,7.8
5/18/2024,Normal,Home & Lifestyle,16.16,Ewallet,9
5/18/2024,Normal,Health & Beauty,29.67,Credit card,7.3
5/19/2024,Normal,Home & Lifestyle,28.31,Cash,8.2
5/19/2024,Member,Fashion & Accs,60.74,Credit card,8.8
5/19/2024,Normal,Food & Beverages,26.43,Ewallet,8.3
5/19/2024,Member,Home & Lifestyle,97.94,Ewallet,8.6
5/19/2024,Member,Health & Beauty,47.67,Ewallet,6.8
5/19/2024,Normal,Health & Beauty,64.36,Ewallet,7.6
5/19/2024,Normal,Food & Beverages,94.13,Cash,6.9
5/19/2024,Normal,Sports & Travel,45.58,Ewallet,4.9
5/20/2024,Normal,Food & Beverages,48.61,Cash,7
5/20/2024,Normal,Health & Beauty,41.5,Credit card,8.9
5/20/2024,Member,Electronics,91.56,Ewallet,8.1
5/20/2024,Member,Food & Beverages,62.85,Ewallet,8.1
5/20/2024,Member,Food & Beverages,22.93,Ewallet,9.8
5/20/2024,Member,Food & Beverages,26.6,Ewallet,7.8
5/20/2024,Normal,Food & Beverages,94.47,Ewallet,6.7
5/21/2024,Normal,Food & Beverages,18.85,Ewallet,6.7
5/21/2024,Normal,Food & Beverages,53.72,Ewallet,7.8
5/21/2024,Normal,Health & Beauty,39.01,Cash,8.6
5/21/2024,Member,Home & Lifestyle,50.28,Credit card,7.6
5/21/2024,Normal,Fashion & Accs,60.74,Credit card,6
5/21/2024,Member,Sports & Travel,10.17,Credit card,7.4
5/21/2024,Normal,Fashion & Accs,60.74,Ewallet,7
5/21/2024,Normal,Home & Lifestyle,33.99,Credit card,5.3
5/21/2024,Member,Food & Beverages,66.52,Ewallet,7
5/21/2024,Member,Food & Beverages,22.17,Cash,7.3
5/21/2024,Normal,Food & Beverages,73.05,Cash,6.7
5/21/2024,Normal,Food & Beverages,74.66,Cash,8
5/22/2024,Normal,Sports & Travel,86.31,Cash,5.9
5/22/2024,Normal,Home & Lifestyle,90.65,Ewallet,8.3
5/22/2024,Member,Health & Beauty,15.87,Credit card,6.5
5/22/2024,Member,Fashion & Accs,60.74,Ewallet,7.2
5/22/2024,Normal,Home & Lifestyle,52.18,Cash,8
5/22/2024,Normal,Fashion & Accs,60.74,Credit card,7.5
5/22/2024,Normal,Health & Beauty,18.11,Cash,9.8
5/22/2024,Normal,Food & Beverages,98.7,Ewallet,7.2
5/22/2024,Normal,Food & Beverages,48.52,Credit card,9.1
5/22/2024,Normal,Food & Beverages,18.08,Ewallet,5.9
5/22/2024,Member,Health & Beauty,82.58,Cash,8.9
5/22/2024,Normal,Food & Beverages,78.31,Cash,7.2
5/22/2024,Normal,Food & Beverages,62.08,Cash,7.5
5/22/2024,Member,Food & Beverages,99.79,Ewallet,8.8
5/23/2024,Normal,Food & Beverages,17.04,Ewallet,7.7
5/23/2024,Member,Home & Lifestyle,93.69,Cash,7.9
5/23/2024,Member,Food & Beverages,43.27,Credit card,7.8
5/23/2024,Normal,Sports & Travel,90.28,Ewallet,6
5/23/2024,Member,Food & Beverages,17.63,Credit card,6.3
5/23/2024,Normal,Food & Beverages,98.97,Ewallet,8
5/23/2024,Member,Home & Lifestyle,35.79,Ewallet,7.5
5/23/2024,Normal,Food & Beverages,99.78,Ewallet,8.4
5/23/2024,Normal,Home & Lifestyle,40.3,Credit card,7.8
5/23/2024,Member,Fashion & Accs,60.74,Credit card,8.2
5/23/2024,Member,Home & Lifestyle,63.42,Cash,8.5
5/23/2024,Normal,Food & Beverages,18.22,Ewallet,8.6
5/23/2024,Normal,Food & Beverages,57.34,Cash,7.6
5/24/2024,Member,Sports & Travel,64.97,Ewallet,7.1
5/24/2024,Member,Food & Beverages,10.13,Credit card,7.3
5/24/2024,Normal,Sports & Travel,69.12,Cash,7
5/24/2024,Normal,Fashion & Accs,60.74,Ewallet,7
5/24/2024,Member,Food & Beverages,46.77,Ewallet,8.1
5/24/2024,Member,Health & Beauty,24.89,Cash,7.1
5/24/2024,Normal,Home & Lifestyle,28.32,Credit card,5.7
5/24/2024,Normal,Food & Beverages,94.26,Ewallet,7.7
5/24/2024,Normal,Fashion & Accs,60.74,Cash,5.3
5/24/2024,Member,Food & Beverages,55.04,Ewallet,7.1
5/24/2024,Member,Home & Lifestyle,40.73,Credit card,8.7
5/25/2024,Normal,Food & Beverages,54.27,Cash,8.5
5/25/2024,Member,Food & Beverages,45.79,Cash,8.1
5/25/2024,Member,Food & Beverages,77.56,Credit card,9.1
5/25/2024,Normal,Home & Lifestyle,46.22,Cash,6.9
5/25/2024,Normal,Home & Lifestyle,63.91,Ewallet,8.3
5/25/2024,Normal,Food & Beverages,53.21,Ewallet,7.6
5/25/2024,Normal,Health & Beauty,10.75,Credit card,8.3
5/25/2024,Member,Health & Beauty,96.58,Credit card,8.1
5/25/2024,Member,Food & Beverages,87.8,Credit card,8
5/25/2024,Normal,Food & Beverages,63.61,Cash,7.4
5/26/2024,Member,Food & Beverages,22.62,Cash,8.1
5/26/2024,Member,Food & Beverages,83.34,Ewallet,9.7
5/26/2024,Normal,Food & Beverages,20.87,Cash,7.6
5/26/2024,Member,Sports & Travel,22.24,Cash,5.7
5/26/2024,Normal,Health & Beauty,92.78,Credit card,6.5
5/26/2024,Normal,Health & Beauty,15.37,Ewallet,6.5
5/26/2024,Member,Health & Beauty,30.35,Cash,7.2
5/26/2024,Normal,Fashion & Accs,60.74,Ewallet,7.7
5/26/2024,Member,Food & Beverages,79.91,Ewallet,8.1
5/26/2024,Normal,Food & Beverages,91.61,Ewallet,8.2
5/26/2024,Normal,Food & Beverages,43.25,Ewallet,4.9
5/26/2024,Member,Food & Beverages,57.29,Cash,7.9
5/26/2024,Normal,Food & Beverages,56.56,Ewallet,6.9
5/26/2024,Normal,Sports & Travel,34.84,Ewallet,8.4
5/26/2024,Member,Food & Beverages,52.75,Cash,9
5/27/2024,Normal,Electronics,88.67,Ewallet,6.7
5/27/2024,Member,Sports & Travel,94.76,Ewallet,6
5/27/2024,Normal,Health & Beauty,66.14,Ewallet,5.4
5/27/2024,Normal,Food & Beverages,73.88,Ewallet,6.8
5/27/2024,Normal,Food & Beverages,33.98,Cash,8.5
5/27/2024,Normal,Sports & Travel,71.63,Ewallet,8.8
5/27/2024,Member,Health & Beauty,54.92,Cash,7.1
5/27/2024,Normal,Food & Beverages,39.43,Cash,8.7
5/27/2024,Normal,Food & Beverages,55.39,Cash,8.5
5/27/2024,Normal,Food & Beverages,16.31,Credit card,6.7
5/27/2024,Normal,Home & Lifestyle,70.11,Ewallet,7.9
5/27/2024,Normal,Home & Lifestyle,35.47,Cash,8.5
5/27/2024,Normal,Sports & Travel,20.18,Credit card,6.1
5/27/2024,Normal,Fashion & Accs,60.74,Credit card,7.3
5/27/2024,Normal,Food & Beverages,52.34,Credit card,5.8
5/27/2024,Member,Sports & Travel,13.69,Ewallet,8.7
5/28/2024,Normal,Health & Beauty,82.88,Cash,8.3
5/28/2024,Member,Food & Beverages,49.38,Cash,8.8
5/28/2024,Normal,Food & Beverages,29.15,Ewallet,9
5/28/2024,Normal,Home & Lifestyle,33.2,Credit card,9.3
5/28/2024,Normal,Food & Beverages,79.54,Ewallet,7.7
5/28/2024,Member,Home & Lifestyle,65.26,Cash,6.3
5/28/2024,Normal,Food & Beverages,32.32,Ewallet,6.6
5/28/2024,Member,Food & Beverages,71.68,Ewallet,7.2
5/28/2024,Normal,Health & Beauty,15.8,Cash,7
5/28/2024,Normal,Home & Lifestyle,13.59,Ewallet,7.7
5/28/2024,Normal,Sports & Travel,44.65,Ewallet,7
5/28/2024,Normal,Health & Beauty,64.27,Cash,6.3
5/28/2024,Normal,Health & Beauty,27.73,Ewallet,7.2
5/28/2024,Member,Fashion & Accs,60.74,Cash,9.4
5/29/2024,Normal,Health & Beauty,43.7,Ewallet,6.5
5/29/2024,Normal,Health & Beauty,10.69,Credit card,9.6
5/29/2024,Member,Home & Lifestyle,23.75,Ewallet,6.4
5/29/2024,Member,Health & Beauty,32.46,Credit card,8.3
5/29/2024,Normal,Food & Beverages,51.34,Ewallet,9.3
5/29/2024,Normal,Food & Beverages,58.26,Ewallet,6.6
5/29/2024,Member,Sports & Travel,60.08,Credit card,8.2
5/29/2024,Normal,Food & Beverages,38.6,Credit card,5.8
5/29/2024,Normal,Food & Beverages,49.79,Credit card,9.1
5/29/2024,Member,Home & Lifestyle,11.28,Ewallet,8.7
5/29/2024,Normal,Health & Beauty,10.08,Ewallet,9.8
5/29/2024,Normal,Home & Lifestyle,77.47,Credit card,7.6
5/29/2024,Normal,Health & Beauty,71.77,Cash,6.7
5/30/2024,Normal,Sports & Travel,24.74,Cash,8
5/30/2024,Normal,Sports & Travel,88.31,Ewallet,7
5/30/2024,Member,Food & Beverages,93.4,Credit card,5.6
5/30/2024,Normal,Food & Beverages,72.52,Credit card,8.3
5/30/2024,Member,Food & Beverages,67.45,Ewallet,9
5/30/2024,Normal,Health & Beauty,87.87,Credit card,7.7
5/30/2024,Normal,Food & Beverages,40.52,Cash,5.4
5/30/2024,Normal,Fashion & Accs,60.74,Cash,7.8
5/30/2024,Normal,Food & Beverages,67.77,Credit card,6.9
5/30/2024,Normal,Food & Beverages,23.34,Cash,6.9
5/30/2024,Normal,Health & Beauty,54.86,Ewallet,7.2
5/30/2024,Normal,Food & Beverages,42.82,Ewallet,9.8
5/31/2024,Normal,Home & Lifestyle,99.7,Ewallet,6.2
5/31/2024,Normal,Home & Lifestyle,28.53,Ewallet,9.1
5/31/2024,Normal,Food & Beverages,47.27,Cash,8.8
5/31/2024,Normal,Electronics,23.46,Credit card,9.8
5/31/2024,Member,Fashion & Accs,60.74,Credit card,8.1
5/31/2024,Normal,Food & Beverages,87.9,Ewallet,6.9
5/31/2024,Member,Health & Beauty,71.38,Cash,6.8
5/31/2024,Normal,Electronics,41.65,Ewallet,4.8
5/31/2024,Normal,Fashion & Accs,29.56,Cash,5.4
5/31/2024,Normal,Health & Beauty,61.29,Cash,9.2
5/31/2024,Normal,Food & Beverages,20.01,Ewallet,8.3
6/1/2024,Member,Health & Beauty,35.64,Credit card,7
6/1/2024,Normal,Health & Beauty,37,Cash,6.1
6/1/2024,Normal,Health & Beauty,22.8,Ewallet,5.8
6/1/2024,Member,Home & Lifestyle,58.36,Ewallet,8.3
6/1/2024,Normal,Food & Beverages,7.54,Ewallet,8.8
6/1/2024,Normal,Health & Beauty,21.81,Cash,5.3
6/1/2024,Member,Food & Beverages,5.56,Cash,6
6/1/2024,Normal,Health & Beauty,20.12,Cash,6.1
6/1/2024,Normal,Food & Beverages,6.26,Cash,6.9
6/1/2024,Normal,Food & Beverages,2.96,Ewallet,8.4
6/1/2024,Member,Food & Beverages,7.31,Ewallet,8
6/1/2024,Member,Food & Beverages,7.01,Credit card,7.7
6/1/2024,Normal,Home & Lifestyle,59.92,Ewallet,9.7
6/1/2024,Normal,Food & Beverages,6.99,Ewallet,8.3
6/1/2024,Normal,Health & Beauty,35.78,Ewallet,7.1
6/1/2024,Normal,Home & Lifestyle,65,Credit card,5.1
6/1/2024,Normal,Food & Beverages,6.25,Cash,6.5
6/1/2024,Normal,Food & Beverages,3.9,Cash,7.3
6/1/2024,Normal,Food & Beverages,4.96,Credit card,8.9
6/1/2024,Normal,Food & Beverages,6.63,Cash,7.3
6/1/2024,Normal,Food & Beverages,5.71,Ewallet,6.2
6/1/2024,Member,Health & Beauty,36.28,Cash,7.2
6/1/2024,Normal,Food & Beverages,6.42,Cash,8.6
6/1/2024,Normal,Sports & Travel,70.97,Ewallet,6.8
6/1/2024,Normal,Food & Beverages,5.57,Ewallet,8.5
6/2/2024,Member,Home & Lifestyle,72.78,Credit card,7.5
6/2/2024,Normal,Sports & Travel,50.67,Credit card,5.8
6/2/2024,Member,Food & Beverages,3.43,Cash,6.1
6/2/2024,Normal,Health & Beauty,17.29,Cash,9.1
6/2/2024,Member,Health & Beauty,32.2,Ewallet,9.3
6/2/2024,Normal,Home & Lifestyle,64.24,Ewallet,6.1
6/2/2024,Normal,Electronics,81.49,Ewallet,6.1
6/2/2024,Normal,Food & Beverages,6.6,Credit card,8.6
6/2/2024,Normal,Food & Beverages,5.68,Ewallet,8.6
6/2/2024,Normal,Home & Lifestyle,49.05,Credit card,5.1
6/2/2024,Normal,Food & Beverages,3.87,Ewallet,5.5
6/2/2024,Member,Food & Beverages,3.85,Cash,8.7
6/2/2024,Member,Health & Beauty,36.81,Credit card,9.8
6/2/2024,Member,Sports & Travel,56.8,Ewallet,7.4
6/2/2024,Normal,Health & Beauty,37.64,Credit card,7.3
6/2/2024,Member,Food & Beverages,5.26,Cash,7.2
6/2/2024,Normal,Home & Lifestyle,54.57,Credit card,5
6/2/2024,Normal,Food & Beverages,2.47,Ewallet,7.1
6/2/2024,Normal,Food & Beverages,4.59,Ewallet,7.4
6/2/2024,Normal,Health & Beauty,31.16,Cash,7.7
6/2/2024,Member,Health & Beauty,25.9,Credit card,8.2
6/2/2024,Member,Health & Beauty,26.84,Ewallet,6
6/2/2024,Normal,Home & Lifestyle,68.05,Ewallet,8.1
6/3/2024,Normal,Home & Lifestyle,59.45,Ewallet,8.3
6/3/2024,Normal,Fashion & Accs,12.5,Ewallet,7.3
6/3/2024,Member,Food & Beverages,5.78,Ewallet,7.3
6/3/2024,Normal,Food & Beverages,5.19,Cash,9.8
6/3/2024,Normal,Health & Beauty,21.16,Credit card,6
6/3/2024,Member,Food & Beverages,4.06,Cash,7.5
6/3/2024,Normal,Health & Beauty,23.59,Credit card,7.8
6/3/2024,Normal,Food & Beverages,4.83,Ewallet,7
6/3/2024,Normal,Food & Beverages,4.69,Credit card,8.1
6/3/2024,Normal,Home & Lifestyle,54.42,Cash,5.6
6/3/2024,Member,Health & Beauty,33.36,Cash,8.7
6/3/2024,Normal,Home & Lifestyle,63.59,Cash,7.2
6/3/2024,Member,Food & Beverages,4.02,Credit card,6.7
6/3/2024,Member,Food & Beverages,5.44,Ewallet,8.3
6/3/2024,Normal,Food & Beverages,6.56,Ewallet,9
6/3/2024,Normal,Home & Lifestyle,59.28,Cash,8.9
6/3/2024,Normal,Food & Beverages,6.6,Cash,9.5
6/3/2024,Normal,Food & Beverages,7.66,Cash,7.3
6/3/2024,Normal,Electronics,89.86,Ewallet,8.7
6/3/2024,Member,Food & Beverages,3.04,Credit card,7.7
6/3/2024,Normal,Food & Beverages,4.22,Ewallet,8.4
6/3/2024,Normal,Food & Beverages,5.61,Credit card,6
6/4/2024,Normal,Health & Beauty,33.17,Ewallet,8.1
6/4/2024,Member,Home & Lifestyle,68.5,Cash,7.1
6/4/2024,Member,Health & Beauty,36.4,Credit card,7.8
6/4/2024,Normal,Health & Beauty,37.7,Ewallet,6.9
6/4/2024,Normal,Electronics,95.88,Cash,6.8
6/4/2024,Normal,Sports & Travel,71.08,Ewallet,7.7
6/4/2024,Normal,Food & Beverages,7.77,Ewallet,9.1
6/4/2024,Member,Food & Beverages,5.01,Credit card,8.5
6/4/2024,Normal,Food & Beverages,2.66,Cash,8.3
6/4/2024,Normal,Fashion & Accs,15.59,Cash,5.2
6/4/2024,Member,Health & Beauty,17.77,Credit card,7.5
6/4/2024,Normal,Home & Lifestyle,70.55,Ewallet,5.6
6/4/2024,Normal,Food & Beverages,7.8,Cash,8.7
6/4/2024,Member,Food & Beverages,5.2,Ewallet,8.5
6/4/2024,Member,Food & Beverages,5.9,Ewallet,9.2
6/4/2024,Member,Fashion & Accs,9.95,Cash,8.8
6/4/2024,Normal,Food & Beverages,6.87,Credit card,7.7
6/4/2024,Normal,Food & Beverages,3.05,Ewallet,7.4
6/4/2024,Normal,Sports & Travel,66.99,Cash,8.9
6/4/2024,Normal,Food & Beverages,7.34,Credit card,8.8
6/4/2024,Normal,Health & Beauty,23.87,Cash,5.3
6/5/2024,Member,Food & Beverages,6.39,Cash,8.2
6/5/2024,Normal,Health & Beauty,34.48,Ewallet,4.5
6/5/2024,Normal,Electronics,88.12,Ewallet,6.8
6/5/2024,Member,Home & Lifestyle,62.53,Cash,6.7
6/5/2024,Normal,Home & Lifestyle,62.89,Ewallet,4.9
6/5/2024,Member,Fashion & Accs,19,Cash,9.1
6/5/2024,Member,Food & Beverages,7.46,Cash,8.9
6/5/2024,Normal,Sports & Travel,47.83,Ewallet,8
6/5/2024,Member,Health & Beauty,18.15,Ewallet,6
6/5/2024,Normal,Food & Beverages,4.48,Cash,8.1
6/5/2024,Member,Home & Lifestyle,64.48,Credit card,6.4
6/5/2024,Normal,Food & Beverages,5.51,Ewallet,8.2
6/5/2024,Member,Food & Beverages,5.27,Cash,7.8
6/5/2024,Normal,Health & Beauty,20.53,Cash,7.9
6/5/2024,Normal,Health & Beauty,33.88,Cash,7.8
6/5/2024,Member,Food & Beverages,6.25,Cash,7.3
6/5/2024,Normal,Home & Lifestyle,70.36,Ewallet,7.8
6/5/2024,Member,Fashion & Accs,19.41,Credit card,8.3
6/5/2024,Normal,Home & Lifestyle,57.03,Cash,6.4
6/6/2024,Normal,Fashion & Accs,11.44,Ewallet,8.4
6/6/2024,Normal,Fashion & Accs,16.89,Ewallet,5.4
6/6/2024,Normal,Food & Beverages,6.91,Cash,6
6/6/2024,Normal,Fashion & Accs,11.36,Credit card,6.6
6/6/2024,Normal,Home & Lifestyle,66.12,Ewallet,8
6/6/2024,Normal,Food & Beverages,2.46,Credit card,7.7
6/6/2024,Normal,Food & Beverages,3.77,Credit card,7.7
6/6/2024,Normal,Food & Beverages,4.24,Credit card,8.4
6/6/2024,Normal,Home & Lifestyle,74.29,Credit card,5.5
6/6/2024,Normal,Fashion & Accs,11.99,Cash,9.8
6/6/2024,Member,Food & Beverages,3.92,Ewallet,7.7
6/6/2024,Normal,Fashion & Accs,8.56,Ewallet,6.7
6/6/2024,Normal,Home & Lifestyle,67.76,Ewallet,8
6/6/2024,Member,Food & Beverages,4.28,Ewallet,6.8
6/6/2024,Normal,Food & Beverages,6.59,Cash,7.5
6/7/2024,Normal,Food & Beverages,4.07,Cash,5.6
6/7/2024,Normal,Food & Beverages,6.43,Credit card,7.6
6/7/2024,Normal,Food & Beverages,4.4,Cash,7.3
6/7/2024,Normal,Home & Lifestyle,61.34,Cash,8.3
6/7/2024,Normal,Fashion & Accs,13.33,Ewallet,7
6/7/2024,Normal,Food & Beverages,6.2,Ewallet,7.5
6/7/2024,Normal,Sports & Travel,53.13,Credit card,7
6/7/2024,Normal,Food & Beverages,7.28,Credit card,7.4
6/7/2024,Member,Food & Beverages,4.74,Ewallet,8
6/7/2024,Member,Food & Beverages,6.57,Cash,7.3
6/7/2024,Normal,Food & Beverages,4.54,Ewallet,5.4
6/7/2024,Member,Health & Beauty,30.61,Ewallet,6.9
6/7/2024,Member,Food & Beverages,6.35,Cash,6.2
6/7/2024,Normal,Home & Lifestyle,63,Cash,6.9
6/8/2024,Member,Home & Lifestyle,56.67,Ewallet,7.3
6/8/2024,Normal,Health & Beauty,23.25,Cash,5.1
6/8/2024,Member,Sports & Travel,69.24,Cash,8.8
6/8/2024,Member,Sports & Travel,49.08,Cash,6.5
6/8/2024,Normal,Food & Beverages,7.4,Ewallet,7.8
6/8/2024,Normal,Sports & Travel,59.01,Ewallet,5.6
6/8/2024,Member,Health & Beauty,28.07,Cash,7.1
6/8/2024,Normal,Food & Beverages,5.39,Cash,7.8
6/8/2024,Normal,Food & Beverages,7.3,Cash,8.2
6/8/2024,Normal,Food & Beverages,6.98,Ewallet,7.3
6/8/2024,Normal,Sports & Travel,71.83,Ewallet,6.3
6/8/2024,Member,Health & Beauty,18.51,Cash,7.7
6/8/2024,Normal,Fashion & Accs,17.91,Credit card,8.9
6/9/2024,Normal,Health & Beauty,24.29,Credit card,7.5
6/9/2024,Normal,Health & Beauty,33.52,Ewallet,7.4
6/9/2024,Member,Food & Beverages,2.89,Ewallet,9.6
6/9/2024,Normal,Food & Beverages,7.62,Ewallet,7
6/9/2024,Normal,Sports & Travel,58.84,Credit card,6.9
6/9/2024,Member,Food & Beverages,3.17,Ewallet,9.2
6/9/2024,Member,Food & Beverages,4.24,Cash,8.5
6/9/2024,Normal,Home & Lifestyle,52.56,Cash,6.9
6/9/2024,Normal,Sports & Travel,56.97,Ewallet,6.1
6/9/2024,Normal,Health & Beauty,34.56,Cash,7.5
6/9/2024,Normal,Electronics,96.62,Ewallet,7.4
6/9/2024,Normal,Fashion & Accs,11.68,Cash,7.5
6/10/2024,Member,Food & Beverages,4.89,Ewallet,6.2
6/10/2024,Member,Sports & Travel,65.41,Cash,7.4
6/10/2024,Normal,Food & Beverages,6,Cash,8.3
6/10/2024,Normal,Food & Beverages,6.53,Cash,8.8
6/10/2024,Member,Health & Beauty,27.05,Cash,6.3
6/10/2024,Member,Home & Lifestyle,56.14,Ewallet,7.2
6/10/2024,Normal,Food & Beverages,4.3,Ewallet,7.3
6/10/2024,Member,Health & Beauty,30.9,Credit card,7.1
6/10/2024,Member,Home & Lifestyle,67.67,Cash,7.4
6/10/2024,Normal,Home & Lifestyle,70.94,Cash,5.5
6/11/2024,Member,Food & Beverages,4.07,Ewallet,6.6
6/11/2024,Normal,Health & Beauty,25.25,Cash,9.2
6/11/2024,Normal,Food & Beverages,5.57,Ewallet,7.2
6/11/2024,Normal,Health & Beauty,25.6,Ewallet,6.5
6/11/2024,Member,Food & Beverages,3.35,Cash,7.4
6/11/2024,Normal,Fashion & Accs,15.68,Credit card,6.7
6/11/2024,Normal,Food & Beverages,3.6,Cash,6.8
6/11/2024,Normal,Fashion & Accs,10.2,Ewallet,5.6
6/11/2024,Normal,Health & Beauty,23.09,Cash,8.4
6/12/2024,Member,Health & Beauty,23.06,Ewallet,8.1
6/12/2024,Member,Fashion & Accs,17.57,Credit card,6.4
6/12/2024,Member,Food & Beverages,4.69,Cash,8.9
6/12/2024,Normal,Fashion & Accs,9.97,Ewallet,7.2
6/12/2024,Normal,Food & Beverages,4.75,Cash,7.7
6/12/2024,Member,Sports & Travel,74.12,Ewallet,8.9
6/12/2024,Member,Food & Beverages,3.81,Ewallet,5.4
6/12/2024,Normal,Home & Lifestyle,70.37,Cash,8
6/13/2024,Normal,Electronics,75.96,Ewallet,6.7
6/13/2024,Normal,Food & Beverages,5.37,Cash,6.1
6/13/2024,Member,Fashion & Accs,13.26,Ewallet,5.7
6/13/2024,Normal,Food & Beverages,4.72,Cash,8.7
6/13/2024,Member,Fashion & Accs,7.75,Ewallet,7.2
6/13/2024,Normal,Sports & Travel,59.6,Credit card,8.4
6/13/2024,Member,Fashion & Accs,10.28,Cash,8.3
6/13/2024,Member,Fashion & Accs,16.61,Cash,8.7
6/13/2024,Member,Sports & Travel,44.24,Cash,7.8
6/13/2024,Member,Fashion & Accs,13.96,Cash,6
6/14/2024,Member,Fashion & Accs,6.58,Ewallet,7.1
6/14/2024,Member,Health & Beauty,33.45,Cash,8.7
6/14/2024,Normal,Sports & Travel,49.6,Cash,6.1
6/14/2024,Normal,Home & Lifestyle,66.63,Cash,7
6/14/2024,Normal,Food & Beverages,4.37,Cash,9.3
6/14/2024,Member,Food & Beverages,4.39,Cash,8.9
6/14/2024,Member,Home & Lifestyle,56.22,Cash,8.6
6/14/2024,Member,Health & Beauty,20.49,Cash,8.9
6/14/2024,Normal,Food & Beverages,5.41,Ewallet,8.4
6/14/2024,Normal,Food & Beverages,4.73,Ewallet,8.4
6/14/2024,Normal,Fashion & Accs,13.56,Ewallet,7.2
6/15/2024,Normal,Food & Beverages,7.55,Ewallet,9.3
6/15/2024,Normal,Food & Beverages,6.85,Cash,6.9
6/15/2024,Normal,Health & Beauty,26.68,Cash,6.4
6/15/2024,Member,Food & Beverages,6.08,Cash,9.8
6/15/2024,Normal,Food & Beverages,7.68,Cash,9.5
6/15/2024,Normal,Electronics,80.74,Credit card,6.8
6/15/2024,Normal,Sports & Travel,54.37,Ewallet,6.8
6/15/2024,Normal,Home & Lifestyle,47.71,Cash,8.1
6/15/2024,Normal,Food & Beverages,7.32,Cash,9
6/15/2024,Normal,Health & Beauty,31.6,Ewallet,6
6/15/2024,Normal,Home & Lifestyle,73.46,Ewallet,8.8
6/15/2024,Member,Food & Beverages,7.54,Ewallet,8.6
6/15/2024,Normal,Health & Beauty,38.29,Ewallet,7.3
6/15/2024,Normal,Home & Lifestyle,67.45,Credit card,6.7
6/15/2024,Member,Food & Beverages,5.81,Cash,9.1
6/15/2024,Member,Home & Lifestyle,56.69,Ewallet,7.6
6/15/2024,Member,Food & Beverages,5.03,Ewallet,7.5
6/15/2024,Normal,Food & Beverages,6.93,Ewallet,7.8
6/16/2024,Normal,Sports & Travel,67.2,Ewallet,7.2
6/16/2024,Normal,Food & Beverages,6.99,Cash,8
6/16/2024,Normal,Sports & Travel,45.1,Ewallet,6.2
6/16/2024,Member,Sports & Travel,46.14,Ewallet,7.9
6/16/2024,Normal,Electronics,88.25,Credit card,8.5
6/16/2024,Member,Food & Beverages,5.1,Ewallet,8.1
6/16/2024,Normal,Home & Lifestyle,56.23,Credit card,4.9
6/16/2024,Member,Health & Beauty,30.11,Cash,7.2
6/16/2024,Normal,Electronics,87.54,Ewallet,9.4
6/16/2024,Normal,Fashion & Accs,10.23,Credit card,7.9
6/16/2024,Normal,Electronics,80.78,Cash,6.8
6/16/2024,Normal,Home & Lifestyle,74.86,Ewallet,8
6/17/2024,Normal,Food & Beverages,7,Cash,6.2
6/17/2024,Normal,Electronics,90.57,Credit card,8.2
6/17/2024,Normal,Fashion & Accs,10,Credit card,8.5
6/17/2024,Member,Home & Lifestyle,61.15,Ewallet,8.5
6/17/2024,Member,Food & Beverages,4.56,Credit card,9.8
6/17/2024,Normal,Home & Lifestyle,67.29,Credit card,8
6/17/2024,Normal,Sports & Travel,61.98,Ewallet,7.5
6/17/2024,Normal,Home & Lifestyle,67.48,Cash,8.7
6/17/2024,Member,Food & Beverages,4,Credit card,7.6
6/17/2024,Member,Food & Beverages,6.05,Credit card,8.5
6/17/2024,Normal,Food & Beverages,7.1,Ewallet,7.1
6/18/2024,Normal,Food & Beverages,5.23,Credit card,8.1
6/18/2024,Normal,Home & Lifestyle,69.2,Ewallet,7.5
6/18/2024,Normal,Home & Lifestyle,50.9,Cash,6
6/18/2024,Normal,Electronics,93.8,Ewallet,7.8
6/18/2024,Normal,Food & Beverages,7.23,Credit card,8.8
6/18/2024,Normal,Health & Beauty,34.92,Ewallet,8.3
6/18/2024,Normal,Food & Beverages,3.98,Cash,6.9
6/18/2024,Member,Electronics,96.4,Ewallet,8
6/18/2024,Member,Sports & Travel,69.24,Credit card,4.9
6/18/2024,Normal,Food & Beverages,2.32,Ewallet,5.9
6/19/2024,Member,Food & Beverages,6.71,Cash,7
6/19/2024,Normal,Food & Beverages,4.16,Ewallet,8.2
6/19/2024,Normal,Food & Beverages,5.28,Credit card,8.2
6/19/2024,Normal,Health & Beauty,38.16,Ewallet,6.9
6/19/2024,Normal,Home & Lifestyle,70.07,Ewallet,7.4
6/19/2024,Normal,Health & Beauty,17.49,Credit card,6.8
6/19/2024,Member,Health & Beauty,33.35,Ewallet,7.7
6/19/2024,Member,Food & Beverages,4.95,Credit card,7
6/20/2024,Normal,Health & Beauty,32.59,Ewallet,7.2
6/20/2024,Normal,Home & Lifestyle,55.89,Credit card,7.3
6/20/2024,Normal,Home & Lifestyle,71.64,Credit card,6.5
6/20/2024,Member,Health & Beauty,33.53,Ewallet,7.5
6/20/2024,Member,Health & Beauty,23.41,Credit card,5.7
6/20/2024,Normal,Food & Beverages,7.5,Cash,7.3
6/20/2024,Normal,Home & Lifestyle,72.37,Ewallet,8.2
6/21/2024,Normal,Food & Beverages,5.26,Cash,8.4
6/21/2024,Normal,Fashion & Accs,14.25,Credit card,8.1
6/21/2024,Normal,Home & Lifestyle,67.09,Ewallet,6.3
6/21/2024,Normal,Health & Beauty,27.7,Credit card,6.2
6/21/2024,Normal,Food & Beverages,6.02,Ewallet,7.5
6/21/2024,Normal,Home & Lifestyle,70.86,Cash,6.4
6/21/2024,Normal,Electronics,79.12,Ewallet,7.7
6/21/2024,Normal,Food & Beverages,4.54,Credit card,7.4
6/21/2024,Member,Fashion & Accs,6.52,Credit card,5.3
6/21/2024,Normal,Home & Lifestyle,48.6,Cash,6.3
6/21/2024,Normal,Food & Beverages,4.13,Ewallet,8.7
6/21/2024,Normal,Health & Beauty,20.56,Ewallet,6.7
6/21/2024,Member,Food & Beverages,5.18,Credit card,6.9
6/22/2024,Normal,Food & Beverages,5.99,Cash,9.3
6/22/2024,Normal,Food & Beverages,2.24,Cash,8.8
6/22/2024,Member,Home & Lifestyle,64.48,Cash,7.3
6/22/2024,Member,Food & Beverages,4.42,Cash,8
6/22/2024,Normal,Food & Beverages,7.3,Cash,5.6
6/22/2024,Member,Health & Beauty,18.15,Cash,8.5
6/22/2024,Normal,Health & Beauty,38.76,Ewallet,6.9
6/22/2024,Normal,Food & Beverages,7.49,Cash,7.1
6/22/2024,Member,Home & Lifestyle,69.49,Ewallet,7.5
6/22/2024,Normal,Food & Beverages,5.41,Ewallet,9.2
6/22/2024,Normal,Electronics,87.31,Ewallet,6.1
6/22/2024,Member,Health & Beauty,31.18,Ewallet,8.7
6/22/2024,Normal,Health & Beauty,35.28,Ewallet,8.1
6/22/2024,Normal,Food & Beverages,4.34,Ewallet,7.7
6/22/2024,Normal,Food & Beverages,6.67,Cash,9.1
6/23/2024,Normal,Food & Beverages,3.63,Ewallet,7.4
6/23/2024,Normal,Sports & Travel,65.99,Credit card,4.2
6/23/2024,Normal,Home & Lifestyle,66.27,Ewallet,6.8
6/23/2024,Normal,Home & Lifestyle,65.32,Ewallet,6.9
6/23/2024,Normal,Health & Beauty,35.49,Credit card,9.1
6/23/2024,Member,Food & Beverages,5.88,Ewallet,6.6
6/23/2024,Normal,Food & Beverages,6.88,Credit card,7.6
6/23/2024,Member,Fashion & Accs,12.13,Cash,7.7
6/23/2024,Member,Health & Beauty,37.36,Cash,7.6
6/23/2024,Member,Food & Beverages,6.88,Cash,8.5
6/23/2024,Member,Food & Beverages,4.97,Cash,9.8
6/23/2024,Member,Electronics,76.14,Ewallet,7
6/23/2024,Normal,Food & Beverages,3.56,Ewallet,8.4
6/23/2024,Normal,Electronics,94.81,Credit card,9
6/24/2024,Normal,Fashion & Accs,12.85,Credit card,7.6
6/24/2024,Member,Food & Beverages,4.78,Ewallet,8.4
6/24/2024,Normal,Home & Lifestyle,53.81,Ewallet,6.5
6/24/2024,Normal,Food & Beverages,7.27,Cash,8.1
6/24/2024,Normal,Home & Lifestyle,55.14,Cash,6.6
6/24/2024,Member,Home & Lifestyle,65.14,Credit card,9.8
6/24/2024,Normal,Sports & Travel,57.8,Ewallet,5.4
6/24/2024,Member,Health & Beauty,33.52,Ewallet,8
6/24/2024,Normal,Home & Lifestyle,53.69,Credit card,8.3
6/24/2024,Normal,Health & Beauty,36.65,Ewallet,8.4
6/24/2024,Normal,Food & Beverages,7.12,Cash,7.8
6/24/2024,Normal,Food & Beverages,7.12,Ewallet,8.5
6/25/2024,Member,Fashion & Accs,13.82,Credit card,6.8
6/25/2024,Normal,Food & Beverages,5.14,Cash,8.7
6/25/2024,Normal,Food & Beverages,2.73,Ewallet,5.9
6/25/2024,Normal,Health & Beauty,33.54,Ewallet,6
6/25/2024,Normal,Home & Lifestyle,71.77,Ewallet,7.9
6/25/2024,Normal,Health & Beauty,31.06,Credit card,8.2
6/25/2024,Member,Food & Beverages,6.37,Cash,9.8
6/25/2024,Normal,Health & Beauty,26.05,Cash,7.8
6/25/2024,Normal,Home & Lifestyle,68.13,Cash,8.4
6/25/2024,Normal,Food & Beverages,5.99,Cash,7
6/26/2024,Normal,Health & Beauty,39.3,Credit card,7.4
6/26/2024,Normal,Food & Beverages,6.4,Ewallet,9.3
6/26/2024,Normal,Food & Beverages,5.09,Credit card,6.8
6/26/2024,Normal,Home & Lifestyle,53.94,Ewallet,7.7
6/26/2024,Member,Fashion & Accs,10.91,Ewallet,8.2
6/26/2024,Member,Home & Lifestyle,59.13,Cash,8.9
6/26/2024,Normal,Food & Beverages,3.76,Ewallet,6.1
6/26/2024,Member,Food & Beverages,7.4,Cash,6.3
6/26/2024,Normal,Food & Beverages,6.38,Ewallet,7.6
6/26/2024,Member,Food & Beverages,6.4,Ewallet,6.2
6/26/2024,Normal,Food & Beverages,7.26,Cash,9.2
6/26/2024,Member,Health & Beauty,25.46,Credit card,9.1
6/26/2024,Normal,Health & Beauty,28.91,Cash,6.2
6/26/2024,Normal,Sports & Travel,62.69,Ewallet,5.3
6/26/2024,Normal,Sports & Travel,68.46,Cash,8.8
6/26/2024,Normal,Fashion & Accs,14.45,Ewallet,8.2
6/27/2024,Normal,Food & Beverages,6.47,Cash,6.7
6/27/2024,Normal,Food & Beverages,3.71,Ewallet,8.3
6/27/2024,Member,Food & Beverages,2.48,Ewallet,9.2
6/27/2024,Member,Health & Beauty,31.2,Credit card,6.6
6/27/2024,Normal,Sports & Travel,49.85,Cash,7.6
6/27/2024,Normal,Food & Beverages,7.62,Cash,6.7
6/27/2024,Normal,Sports & Travel,67.76,Ewallet,7.3
6/27/2024,Normal,Food & Beverages,3.97,Credit card,7.3
6/27/2024,Normal,Food & Beverages,3.17,Ewallet,7.2
6/27/2024,Normal,Fashion & Accs,11.26,Cash,4.4
6/27/2024,Normal,Food & Beverages,5.07,Credit card,9.1
6/27/2024,Normal,Health & Beauty,24.74,Cash,8.3
6/27/2024,Member,Sports & Travel,68.47,Cash,9.2
6/27/2024,Member,Home & Lifestyle,66.2,Cash,8.5
6/27/2024,Normal,Food & Beverages,4.57,Cash,7.9
6/27/2024,Normal,Health & Beauty,25.27,Ewallet,9.8
6/27/2024,Normal,Food & Beverages,7.47,Cash,6.6
6/28/2024,Normal,Health & Beauty,36.47,Credit card,8.2
6/28/2024,Normal,Health & Beauty,32.7,Credit card,8.6
6/28/2024,Member,Food & Beverages,5.3,Credit card,6.9
6/28/2024,Normal,Health & Beauty,22.77,Cash,6.2
6/28/2024,Normal,Home & Lifestyle,68.83,Credit card,8.3
6/28/2024,Normal,Health & Beauty,30.23,Ewallet,7.5
6/28/2024,Normal,Fashion & Accs,5.06,Cash,7.4
6/28/2024,Member,Health & Beauty,30.28,Cash,8.1
6/28/2024,Normal,Sports & Travel,74.92,Cash,6.6
6/28/2024,Normal,Health & Beauty,30.51,Cash,7.9
6/28/2024,Member,Food & Beverages,6.35,Credit card,7.4
6/28/2024,Normal,Food & Beverages,5.82,Credit card,7.6
6/28/2024,Normal,Sports & Travel,45.6,Credit card,6.7
6/28/2024,Member,Fashion & Accs,14.67,Ewallet,7.2
6/28/2024,Normal,Fashion & Accs,13.46,Credit card,9.2
6/29/2024,Member,Food & Beverages,6.25,Credit card,9.8
6/29/2024,Member,Food & Beverages,5.1,Ewallet,8.9
6/29/2024,Normal,Food & Beverages,7.09,Credit card,5.9
6/29/2024,Normal,Home & Lifestyle,52.1,Ewallet,8
6/29/2024,Normal,Food & Beverages,6.71,Ewallet,8.1
6/29/2024,Normal,Food & Beverages,6.82,Ewallet,8.2
6/29/2024,Member,Health & Beauty,36.6,Ewallet,8
6/29/2024,Member,Health & Beauty,31.8,Ewallet,7.6
6/29/2024,Normal,Home & Lifestyle,68.67,Ewallet,8
6/29/2024,Normal,Fashion & Accs,17.54,Ewallet,6.8
6/29/2024,Normal,Fashion & Accs,17.63,Ewallet,5.5
6/29/2024,Normal,Home & Lifestyle,63.74,Ewallet,7.1
6/29/2024,Normal,Health & Beauty,16.96,Credit card,6.8
6/29/2024,Member,Food & Beverages,6.12,Ewallet,8.7
6/30/2024,Normal,Food & Beverages,6.13,Ewallet,9.8
6/30/2024,Member,Food & Beverages,5.02,Cash,8.2
6/30/2024,Normal,Food & Beverages,6.69,Ewallet,7.9
6/30/2024,Member,Fashion & Accs,8.9,Cash,9.4
6/30/2024,Normal,Sports & Travel,59.24,Credit card,7.1
6/30/2024,Member,Health & Beauty,20.84,Cash,7.1
6/30/2024,Normal,Home & Lifestyle,53.43,Ewallet,9.5
6/30/2024,Normal,Home & Lifestyle,54.1,Credit card,8.5
6/30/2024,Member,Health & Beauty,18.74,Cash,8.5
6/30/2024,Normal,Food & Beverages,5.94,Ewallet,8
6/30/2024,Normal,Health & Beauty,32.61,Credit card,7.6
6/30/2024,Normal,Food & Beverages,3.73,Cash,8.1
7/1/2024,Normal,Food & Beverages,3.96,Ewallet,7.9
7/1/2024,Member,Health & Beauty,32.14,Cash,7.1
7/1/2024,Normal,Fashion & Accs,12.4,Ewallet,6.8
7/1/2024,Normal,Home & Lifestyle,63.54,Cash,7.1
7/1/2024,Normal,Food & Beverages,3.36,Cash,6.1
7/1/2024,Member,Electronics,85.1,Ewallet,8.8
7/1/2024,Member,Food & Beverages,6.68,Credit card,8.6
7/1/2024,Normal,Food & Beverages,6.36,Ewallet,7.3
7/1/2024,Normal,Food & Beverages,7.8,Ewallet,8.9
7/1/2024,Normal,Food & Beverages,6.02,Credit card,8.4
7/1/2024,Normal,Fashion & Accs,14.14,Ewallet,5.4
7/1/2024,Normal,Fashion & Accs,19.42,Cash,5.2
7/1/2024,Normal,Food & Beverages,6.74,Ewallet,6.4
7/1/2024,Normal,Health & Beauty,32.94,Ewallet,7.3
7/1/2024,Normal,Food & Beverages,2.75,Credit card,7.2
7/1/2024,Normal,Home & Lifestyle,51.31,Cash,6
7/1/2024,Normal,Food & Beverages,4.88,Ewallet,7.9
7/2/2024,Member,Health & Beauty,26.23,Cash,8.9
7/2/2024,Normal,Sports & Travel,71.67,Cash,7.5
7/2/2024,Normal,Home & Lifestyle,56.04,Cash,7.8
7/2/2024,Normal,Food & Beverages,4.29,Ewallet,6.5
7/2/2024,Normal,Food & Beverages,6,Cash,7.6
7/2/2024,Normal,Home & Lifestyle,61.04,Credit card,7.1
7/2/2024,Normal,Food & Beverages,3.46,Credit card,6
7/2/2024,Member,Electronics,96.28,Ewallet,8.4
7/2/2024,Member,Food & Beverages,4.14,Ewallet,7.2
7/2/2024,Normal,Food & Beverages,4.55,Ewallet,7.6
7/3/2024,Member,Food & Beverages,6.32,Cash,7.2
7/3/2024,Normal,Food & Beverages,7.28,Cash,7.6
7/3/2024,Normal,Health & Beauty,33.32,Ewallet,6.8
7/3/2024,Normal,Food & Beverages,4.35,Cash,6.3
7/3/2024,Member,Food & Beverages,3.59,Cash,7.4
7/3/2024,Normal,Health & Beauty,29.56,Credit card,7.8
7/3/2024,Normal,Food & Beverages,6.55,Cash,7.4
7/3/2024,Normal,Food & Beverages,4.28,Credit card,6.3
7/3/2024,Normal,Home & Lifestyle,70.27,Credit card,8.6
7/3/2024,Normal,Food & Beverages,6.09,Cash,7.4
7/3/2024,Member,Fashion & Accs,13.06,Credit card,8.1
7/3/2024,Normal,Health & Beauty,34.74,Ewallet,8.1
7/3/2024,Member,Health & Beauty,33.43,Credit card,7
7/3/2024,Normal,Health & Beauty,26.12,Credit card,8.4
7/3/2024,Normal,Food & Beverages,7.73,Ewallet,9.8
7/3/2024,Normal,Food & Beverages,5.8,Ewallet,7.3
7/4/2024,Normal,Health & Beauty,38.86,Cash,7.7
7/4/2024,Normal,Home & Lifestyle,63.94,Cash,6.3
7/4/2024,Normal,Sports & Travel,69.12,Credit card,8.4
7/4/2024,Normal,Fashion & Accs,12.47,Cash,6.8
7/4/2024,Normal,Food & Beverages,4.84,Credit card,6.7
7/4/2024,Normal,Food & Beverages,2.57,Cash,8.8
7/4/2024,Normal,Food & Beverages,7.81,Cash,6.8
7/4/2024,Normal,Food & Beverages,7.05,Credit card,7.9
7/4/2024,Normal,Food & Beverages,4.33,Credit card,7.2
7/4/2024,Normal,Sports & Travel,62.05,Cash,7.7
7/4/2024,Member,Home & Lifestyle,73.54,Ewallet,7.8
7/5/2024,Normal,Food & Beverages,7.25,Ewallet,7.5
7/5/2024,Normal,Health & Beauty,22.46,Ewallet,5.7
7/5/2024,Normal,Food & Beverages,7.5,Ewallet,8.2
7/5/2024,Normal,Food & Beverages,7.53,Ewallet,6.5
7/5/2024,Member,Food & Beverages,5.25,Ewallet,6.8
7/5/2024,Normal,Health & Beauty,29.87,Cash,8.1
7/5/2024,Normal,Home & Lifestyle,72.72,Cash,7.1
7/5/2024,Normal,Health & Beauty,28.9,Credit card,8.8
7/5/2024,Normal,Health & Beauty,30.95,Ewallet,8.2
7/5/2024,Normal,Home & Lifestyle,65.27,Cash,6.2
7/5/2024,Normal,Health & Beauty,16.65,Ewallet,6
7/5/2024,Member,Food & Beverages,7.22,Credit card,6.9
7/5/2024,Normal,Health & Beauty,27.8,Cash,6.3
7/5/2024,Normal,Health & Beauty,32.99,Cash,6
7/5/2024,Normal,Food & Beverages,6.22,Ewallet,8.2
7/5/2024,Normal,Sports & Travel,74.49,Cash,7.7
7/5/2024,Normal,Sports & Travel,58.27,Cash,6
7/6/2024,Normal,Food & Beverages,3.15,Ewallet,6
7/6/2024,Normal,Sports & Travel,70.9,Credit card,8
7/6/2024,Normal,Food & Beverages,4.09,Cash,7.5
7/6/2024,Member,Home & Lifestyle,70.74,Credit card,8.5
7/6/2024,Member,Health & Beauty,34.91,Cash,6.1
7/6/2024,Member,Fashion & Accs,18.34,Ewallet,7.6
7/6/2024,Normal,Food & Beverages,3.52,Ewallet,6.5
7/6/2024,Member,Food & Beverages,5.38,Cash,5.7
7/6/2024,Normal,Food & Beverages,2.52,Ewallet,8.5
7/7/2024,Normal,Food & Beverages,6.29,Ewallet,6
7/7/2024,Normal,Health & Beauty,22.56,Ewallet,6.8
7/7/2024,Member,Health & Beauty,29.69,Cash,6.2
7/7/2024,Normal,Fashion & Accs,11.74,Cash,6.8
7/7/2024,Member,Home & Lifestyle,55.23,Cash,8.1
7/7/2024,Normal,Food & Beverages,6.89,Cash,8.6
7/7/2024,Normal,Food & Beverages,3.37,Credit card,5.8
7/7/2024,Normal,Food & Beverages,5.05,Cash,7.6
7/7/2024,Normal,Food & Beverages,4.17,Credit card,6.7
7/7/2024,Normal,Health & Beauty,32.61,Cash,5.4
7/7/2024,Normal,Food & Beverages,3.44,Ewallet,6.8
7/7/2024,Normal,Food & Beverages,4.01,Ewallet,8.1
7/7/2024,Normal,Home & Lifestyle,65.05,Ewallet,6.6
7/7/2024,Member,Food & Beverages,6.83,Cash,7.9
7/8/2024,Member,Sports & Travel,59.69,Cash,5.6
7/8/2024,Normal,Health & Beauty,32.43,Ewallet,9
7/8/2024,Normal,Food & Beverages,5.49,Credit card,7.3
7/8/2024,Normal,Food & Beverages,4.84,Credit card,6.6
7/8/2024,Member,Fashion & Accs,9.08,Cash,6
7/8/2024,Normal,Health & Beauty,28.72,Cash,7.4
7/8/2024,Normal,Food & Beverages,3.78,Ewallet,9.8
7/8/2024,Normal,Home & Lifestyle,54.4,Credit card,7.1
7/8/2024,Normal,Food & Beverages,7.5,Credit card,7.9
7/8/2024,Normal,Electronics,95,Credit card,6.8
7/8/2024,Member,Home & Lifestyle,61.86,Credit card,7
7/8/2024,Normal,Food & Beverages,3.17,Cash,7.4
7/8/2024,Normal,Health & Beauty,35.35,Cash,7.5
7/8/2024,Member,Fashion & Accs,16.06,Cash,6.9
7/8/2024,Normal,Fashion & Accs,14.21,Ewallet,6.1
7/9/2024,Member,Health & Beauty,28.49,Ewallet,7
7/9/2024,Normal,Food & Beverages,5.43,Cash,6.5
7/9/2024,Normal,Food & Beverages,2.88,Ewallet,9.1
7/9/2024,Member,Food & Beverages,7.61,Cash,7.3
7/9/2024,Normal,Food & Beverages,7.17,Cash,7.3
7/9/2024,Member,Home & Lifestyle,53.9,Cash,5.9
7/9/2024,Normal,Food & Beverages,6.43,Cash,7.1
7/9/2024,Normal,Food & Beverages,7.14,Credit card,7.6
7/9/2024,Normal,Sports & Travel,56.93,Ewallet,7.2
7/9/2024,Normal,Food & Beverages,3.58,Cash,6.3
7/9/2024,Normal,Health & Beauty,38.74,Cash,5.9
7/9/2024,Normal,Food & Beverages,4.15,Cash,6.9
7/9/2024,Normal,Health & Beauty,31.21,Ewallet,6.7
7/9/2024,Normal,Food & Beverages,4.51,Ewallet,7.6
7/9/2024,Normal,Food & Beverages,5.46,Ewallet,7
7/9/2024,Member,Food & Beverages,3.14,Credit card,6.2
7/9/2024,Normal,Fashion & Accs,12.21,Ewallet,5.7
7/9/2024,Member,Food & Beverages,6.6,Credit card,7.2
7/10/2024,Normal,Fashion & Accs,7.79,Ewallet,6.5
7/10/2024,Normal,Health & Beauty,26.49,Ewallet,7.2
7/10/2024,Normal,Sports & Travel,50.63,Ewallet,7.3
7/10/2024,Normal,Health & Beauty,26.91,Cash,7.2
7/10/2024,Normal,Home & Lifestyle,65.61,Cash,8.7
7/10/2024,Normal,Food & Beverages,6.96,Ewallet,7.7
7/10/2024,Normal,Health & Beauty,36.68,Ewallet,6.7
7/10/2024,Normal,Home & Lifestyle,54.82,Cash,5.3
7/10/2024,Member,Food & Beverages,5.59,Cash,7.5
7/10/2024,Normal,Health & Beauty,29.13,Cash,6
7/10/2024,Normal,Food & Beverages,7.58,Credit card,7.5
7/10/2024,Member,Food & Beverages,4.73,Credit card,6.7
7/11/2024,Member,Food & Beverages,5.65,Cash,8.6
7/11/2024,Normal,Electronics,93.36,Ewallet,6.8
7/11/2024,Member,Food & Beverages,4.24,Cash,6.9
7/11/2024,Member,Home & Lifestyle,54.19,Ewallet,7.5
7/11/2024,Normal,Food & Beverages,4.74,Ewallet,6.3
7/11/2024,Normal,Fashion & Accs,19.71,Cash,7
7/11/2024,Normal,Sports & Travel,67.46,Credit card,6.3
7/11/2024,Member,Food & Beverages,7.24,Credit card,8.4
7/11/2024,Normal,Food & Beverages,6.3,Ewallet,9.7
7/11/2024,Normal,Food & Beverages,7.27,Cash,6.7
7/12/2024,Normal,Electronics,91.82,Credit card,6.6
7/12/2024,Normal,Food & Beverages,2.39,Credit card,8
7/12/2024,Normal,Home & Lifestyle,72.42,Cash,6.9
7/12/2024,Normal,Home & Lifestyle,61.39,Credit card,5.8
7/12/2024,Normal,Electronics,81.42,Credit card,6.1
7/12/2024,Normal,Health & Beauty,26.85,Ewallet,6.6
7/12/2024,Normal,Health & Beauty,27.29,Ewallet,6.7
7/12/2024,Normal,Electronics,85.6,Ewallet,5.5
7/12/2024,Member,Food & Beverages,7.82,Cash,7.1
7/12/2024,Normal,Health & Beauty,33.1,Credit card,5.8
7/12/2024,Normal,Food & Beverages,3.01,Cash,7.4
7/12/2024,Normal,Food & Beverages,5.16,Credit card,8.8
7/12/2024,Normal,Food & Beverages,7.64,Credit card,7.6
7/12/2024,Member,Food & Beverages,7.36,Cash,7.4
7/12/2024,Normal,Food & Beverages,3.88,Credit card,8.1
7/13/2024,Member,Food & Beverages,5.53,Ewallet,8.7
7/13/2024,Normal,Sports & Travel,72.39,Ewallet,5.3
7/13/2024,Member,Fashion & Accs,12.38,Ewallet,7.2
7/13/2024,Normal,Food & Beverages,6.27,Cash,7.4
7/13/2024,Member,Sports & Travel,67.06,Credit card,6.9
7/13/2024,Normal,Food & Beverages,7.21,Ewallet,7.9
7/13/2024,Normal,Fashion & Accs,17.47,Cash,6.5
7/13/2024,Normal,Health & Beauty,32.79,Credit card,5.8
7/13/2024,Normal,Home & Lifestyle,52.31,Ewallet,6.2
7/13/2024,Normal,Fashion & Accs,14.75,Ewallet,7.1
7/13/2024,Normal,Food & Beverages,6.81,Cash,9.7
7/13/2024,Member,Health & Beauty,24.85,Cash,7.9
7/13/2024,Member,Health & Beauty,21.5,Ewallet,9.2
7/13/2024,Member,Health & Beauty,32.38,Credit card,7
7/13/2024,Normal,Fashion & Accs,13.13,Cash,8
7/14/2024,Normal,Food & Beverages,5.36,Credit card,9
7/14/2024,Normal,Food & Beverages,4.7,Credit card,8.1
7/14/2024,Normal,Health & Beauty,25.37,Cash,5.6
7/14/2024,Member,Food & Beverages,6.2,Cash,8.7
7/14/2024,Member,Home & Lifestyle,73.55,Credit card,7.4
7/14/2024,Member,Food & Beverages,5.99,Cash,7.3
7/14/2024,Normal,Food & Beverages,4.32,Ewallet,6.9
7/14/2024,Normal,Food & Beverages,7.9,Cash,8.3
7/14/2024,Member,Food & Beverages,7.14,Ewallet,8.4
7/14/2024,Normal,Health & Beauty,31.07,Cash,6
7/15/2024,Member,Fashion & Accs,13.83,Cash,7.2
7/15/2024,Normal,Food & Beverages,6.94,Cash,7.3
7/15/2024,Normal,Health & Beauty,30.64,Cash,5.9
7/15/2024,Normal,Food & Beverages,7.56,Ewallet,7.4
7/15/2024,Member,Electronics,94.92,Cash,9.8
7/15/2024,Normal,Health & Beauty,30.64,Credit card,5.6
7/15/2024,Member,Health & Beauty,28.23,Ewallet,8.2
7/15/2024,Normal,Electronics,96.01,Credit card,8.3
7/15/2024,Normal,Food & Beverages,5.64,Credit card,8.5
7/16/2024,Member,Food & Beverages,5.45,Ewallet,7.3
7/16/2024,Normal,Food & Beverages,3.53,Cash,7.4
7/16/2024,Normal,Fashion & Accs,5.37,Cash,6.8
7/16/2024,Normal,Health & Beauty,27.11,Cash,8.2
7/16/2024,Normal,Food & Beverages,5.62,Ewallet,7.4
7/16/2024,Normal,Food & Beverages,5.68,Cash,5.8
7/16/2024,Normal,Sports & Travel,57.42,Credit card,6.8
7/16/2024,Member,Health & Beauty,33.9,Ewallet,7.5
7/16/2024,Normal,Food & Beverages,3.83,Cash,6.1
7/16/2024,Member,Health & Beauty,39.62,Cash,6.8
7/17/2024,Normal,Food & Beverages,5.41,Ewallet,6.8
7/17/2024,Member,Food & Beverages,7.22,Cash,7.4
7/17/2024,Normal,Food & Beverages,5.01,Cash,7.5
7/17/2024,Normal,Food & Beverages,5.9,Credit card,7.2
7/17/2024,Normal,Food & Beverages,6.03,Cash,8.8
7/17/2024,Normal,Food & Beverages,6.42,Ewallet,6.3
7/17/2024,Normal,Health & Beauty,29.12,Cash,6.7
7/17/2024,Normal,Food & Beverages,2.34,Credit card,9
7/17/2024,Normal,Food & Beverages,3.43,Ewallet,8.3
7/17/2024,Normal,Food & Beverages,6.57,Ewallet,6.9
7/17/2024,Member,Sports & Travel,73.4,Credit card,8.7
7/17/2024,Normal,Fashion & Accs,15.82,Cash,8.3
7/18/2024,Member,Sports & Travel,58.14,Credit card,7.7
7/18/2024,Member,Food & Beverages,6.1,Ewallet,7.7
7/18/2024,Member,Fashion & Accs,6.81,Ewallet,8.2
7/18/2024,Normal,Food & Beverages,7.11,Credit card,7.2
7/18/2024,Normal,Food & Beverages,4.79,Ewallet,6.3
7/18/2024,Member,Health & Beauty,33.2,Cash,7.1
7/18/2024,Member,Home & Lifestyle,69.74,Credit card,6.9
7/18/2024,Normal,Sports & Travel,61.82,Credit card,8.6
7/18/2024,Normal,Home & Lifestyle,49.71,Ewallet,6.9
7/18/2024,Normal,Food & Beverages,2.98,Cash,6.1
7/18/2024,Normal,Food & Beverages,5.29,Ewallet,6.6
7/18/2024,Member,Home & Lifestyle,68.19,Cash,6.2
7/18/2024,Member,Food & Beverages,6.49,Credit card,9
7/18/2024,Member,Fashion & Accs,14.32,Cash,7.4
7/18/2024,Member,Fashion & Accs,15.19,Credit card,7.5
7/19/2024,Member,Food & Beverages,3.24,Credit card,8.3
7/19/2024,Member,Food & Beverages,6.69,Credit card,7.4
7/19/2024,Member,Food & Beverages,6.78,Credit card,8.7
7/19/2024,Normal,Food & Beverages,2.69,Cash,6.8
7/19/2024,Member,Home & Lifestyle,68.73,Credit card,6.6
7/19/2024,Normal,Food & Beverages,2.68,Cash,8.1
7/19/2024,Normal,Food & Beverages,5.45,Cash,8.8
7/19/2024,Normal,Home & Lifestyle,56.98,Credit card,8
7/19/2024,Normal,Health & Beauty,16.87,Credit card,5.1
7/19/2024,Member,Food & Beverages,7.4,Ewallet,8.2
7/20/2024,Normal,Food & Beverages,5.17,Cash,7.7
7/20/2024,Normal,Health & Beauty,27.52,Ewallet,7.3
7/20/2024,Member,Health & Beauty,38.89,Ewallet,6.9
7/20/2024,Normal,Food & Beverages,6.68,Credit card,6.5
7/20/2024,Normal,Food & Beverages,6.38,Cash,6.5
7/20/2024,Normal,Food & Beverages,5.13,Credit card,7.8
7/20/2024,Member,Health & Beauty,31.79,Cash,6.6
7/20/2024,Normal,Food & Beverages,4.81,Credit card,5.9
7/20/2024,Member,Food & Beverages,6.23,Ewallet,8.7
7/20/2024,Normal,Food & Beverages,6.93,Credit card,7.2
7/20/2024,Normal,Food & Beverages,4.08,Credit card,7
7/20/2024,Normal,Food & Beverages,6.54,Cash,8.7
7/20/2024,Normal,Food & Beverages,6.61,Ewallet,7.4
7/20/2024,Normal,Food & Beverages,5.37,Ewallet,7.8
7/20/2024,Normal,Sports & Travel,69.46,Cash,6.7
7/21/2024,Normal,Food & Beverages,5.98,Cash,7.5
7/21/2024,Normal,Fashion & Accs,15.16,Ewallet,7.1
7/21/2024,Normal,Health & Beauty,28.58,Credit card,6.4
7/21/2024,Normal,Food & Beverages,6.18,Cash,6.8
7/21/2024,Member,Food & Beverages,7.14,Credit card,6.8
7/21/2024,Normal,Health & Beauty,23.92,Cash,8.8
7/21/2024,Normal,Food & Beverages,5.53,Cash,5.5
7/21/2024,Normal,Food & Beverages,3.55,Credit card,7.3
7/21/2024,Normal,Food & Beverages,6.1,Cash,7.2
7/22/2024,Normal,Health & Beauty,24.15,Credit card,8.1
7/22/2024,Normal,Fashion & Accs,12.93,Ewallet,8.3
7/22/2024,Normal,Food & Beverages,2.5,Cash,6.6
7/22/2024,Normal,Health & Beauty,32.65,Cash,4.8
7/22/2024,Normal,Food & Beverages,5.11,Cash,8.6
7/22/2024,Normal,Sports & Travel,71.9,Ewallet,7.4
7/22/2024,Normal,Food & Beverages,6.2,Cash,7.6
7/22/2024,Normal,Health & Beauty,31.26,Credit card,7.6
7/22/2024,Normal,Food & Beverages,6.08,Credit card,8.6
7/22/2024,Normal,Health & Beauty,25.68,Cash,6.7
7/22/2024,Normal,Health & Beauty,27.81,Credit card,7.8
7/22/2024,Member,Health & Beauty,20.39,Ewallet,7.1
7/22/2024,Normal,Health & Beauty,35.09,Credit card,8.6
7/22/2024,Member,Fashion & Accs,7.16,Cash,4.6
7/22/2024,Normal,Food & Beverages,6.69,Cash,7
7/22/2024,Member,Food & Beverages,7.18,Ewallet,7.6
7/22/2024,Normal,Food & Beverages,7.26,Ewallet,5.9
7/22/2024,Normal,Food & Beverages,2.66,Cash,9.6
7/23/2024,Normal,Food & Beverages,6.54,Cash,8.4
7/23/2024,Normal,Food & Beverages,6.36,Credit card,6.9
7/23/2024,Normal,Food & Beverages,7.35,Cash,7
7/23/2024,Member,Home & Lifestyle,50.65,Credit card,6.3
7/23/2024,Member,Food & Beverages,5.54,Ewallet,7.4
7/23/2024,Member,Electronics,87.26,Cash,5.6
7/23/2024,Normal,Food & Beverages,7.17,Credit card,7.8
7/23/2024,Normal,Food & Beverages,7.03,Ewallet,8.2
7/23/2024,Normal,Health & Beauty,35.27,Ewallet,6.6
7/24/2024,Member,Food & Beverages,5.12,Cash,7.1
7/24/2024,Normal,Fashion & Accs,17.43,Credit card,7.8
7/24/2024,Normal,Food & Beverages,6.13,Cash,8.3
7/24/2024,Normal,Health & Beauty,36.61,Credit card,8.6
7/24/2024,Normal,Health & Beauty,32.28,Cash,6.6
7/24/2024,Normal,Food & Beverages,5.76,Ewallet,7.3
7/24/2024,Member,Health & Beauty,31.41,Cash,7.4
7/24/2024,Member,Fashion & Accs,10.58,Ewallet,7.3
7/24/2024,Member,Food & Beverages,6.26,Ewallet,6
7/24/2024,Member,Food & Beverages,6.12,Ewallet,8.8
7/24/2024,Normal,Health & Beauty,37.14,Credit card,7.2
7/24/2024,Normal,Food & Beverages,2.92,Ewallet,7.9
7/24/2024,Normal,Food & Beverages,6.44,Cash,7.7
7/24/2024,Normal,Food & Beverages,6.7,Cash,8.1
7/24/2024,Normal,Food & Beverages,5.6,Ewallet,8
7/24/2024,Normal,Food & Beverages,4.42,Credit card,6.8
7/24/2024,Normal,Food & Beverages,5.37,Ewallet,6.2
7/25/2024,Member,Food & Beverages,7.62,Cash,5.9
7/25/2024,Normal,Home & Lifestyle,60.48,Cash,6.7
7/25/2024,Normal,Health & Beauty,34.91,Ewallet,7.2
7/25/2024,Normal,Food & Beverages,6.43,Ewallet,6.8
7/25/2024,Member,Health & Beauty,36.97,Cash,7.2
7/25/2024,Normal,Food & Beverages,5.4,Cash,7
7/25/2024,Normal,Health & Beauty,34.3,Cash,7.4
7/25/2024,Member,Food & Beverages,5.21,Cash,7.2
7/25/2024,Member,Fashion & Accs,13.73,Credit card,7.1
7/25/2024,Normal,Health & Beauty,22.33,Credit card,6.4
7/25/2024,Member,Health & Beauty,25.22,Credit card,6.8
7/25/2024,Normal,Food & Beverages,3.85,Ewallet,7.2
7/25/2024,Normal,Food & Beverages,7.1,Ewallet,7.7
7/25/2024,Member,Health & Beauty,27.63,Cash,7.2
7/25/2024,Member,Health & Beauty,34.46,Ewallet,6.3
7/25/2024,Member,Food & Beverages,6.5,Cash,7.3
7/25/2024,Normal,Health & Beauty,22.75,Credit card,8.1
7/26/2024,Normal,Food & Beverages,5.86,Credit card,6.1
7/26/2024,Normal,Food & Beverages,3.18,Credit card,6
7/26/2024,Member,Food & Beverages,6.77,Credit card,6.7
7/26/2024,Normal,Food & Beverages,5.74,Ewallet,7.9
7/26/2024,Member,Food & Beverages,3.67,Ewallet,7.4
7/26/2024,Member,Health & Beauty,21.08,Credit card,7.7
7/26/2024,Normal,Fashion & Accs,12.14,Cash,6.4
7/26/2024,Member,Health & Beauty,33.13,Cash,7.5
7/26/2024,Normal,Fashion & Accs,15.15,Credit card,6.5
7/26/2024,Normal,Food & Beverages,4.49,Cash,8.8
7/27/2024,Member,Health & Beauty,36.69,Credit card,6.9
7/27/2024,Normal,Fashion & Accs,13.78,Ewallet,7
7/27/2024,Member,Health & Beauty,16.26,Ewallet,7.9
7/27/2024,Normal,Food & Beverages,6.24,Cash,6.4
7/27/2024,Normal,Food & Beverages,7.67,Credit card,8.7
7/27/2024,Normal,Food & Beverages,6.7,Cash,7.2
7/27/2024,Normal,Food & Beverages,5.35,Ewallet,7.7
7/27/2024,Normal,Food & Beverages,6.09,Ewallet,6.4
7/27/2024,Normal,Health & Beauty,16.03,Ewallet,5.7
7/27/2024,Normal,Food & Beverages,3.42,Ewallet,7.5
7/27/2024,Normal,Food & Beverages,6.33,Cash,7.6
7/27/2024,Member,Food & Beverages,6.91,Cash,8.8
7/28/2024,Normal,Food & Beverages,7.1,Ewallet,7.2
7/28/2024,Normal,Health & Beauty,25.95,Cash,8.2
7/28/2024,Normal,Food & Beverages,4.91,Credit card,9.3
7/28/2024,Normal,Food & Beverages,5.94,Credit card,8.2
7/28/2024,Member,Food & Beverages,3.95,Cash,6.6
7/28/2024,Normal,Food & Beverages,6.83,Ewallet,7.7
7/28/2024,Member,Food & Beverages,7.58,Cash,8.5
7/28/2024,Member,Fashion & Accs,11.54,Credit card,7.3
7/28/2024,Normal,Health & Beauty,24.78,Credit card,6
7/28/2024,Normal,Electronics,94.77,Ewallet,7.6
7/28/2024,Normal,Food & Beverages,3.76,Credit card,6.6
7/28/2024,Normal,Health & Beauty,26.01,Credit card,5.4
7/29/2024,Normal,Health & Beauty,20.2,Credit card,6.6
7/29/2024,Normal,Food & Beverages,5.29,Credit card,7.6
7/29/2024,Member,Food & Beverages,7.42,Credit card,7.2
7/29/2024,Normal,Home & Lifestyle,68.96,Ewallet,7
7/29/2024,Member,Home & Lifestyle,48.4,Credit card,6.6
7/29/2024,Normal,Food & Beverages,6.38,Ewallet,8.4
7/29/2024,Normal,Food & Beverages,4.54,Cash,9.4
7/29/2024,Normal,Electronics,79.56,Cash,7.3
7/29/2024,Normal,Food & Beverages,5.9,Credit card,7.2
7/30/2024,Normal,Fashion & Accs,18.67,Credit card,7.2
7/30/2024,Normal,Sports & Travel,57.64,Ewallet,8.7
7/30/2024,Normal,Sports & Travel,67.03,Ewallet,7
7/30/2024,Normal,Food & Beverages,7.58,Cash,8.3
7/30/2024,Normal,Health & Beauty,34.82,Cash,6.5
7/30/2024,Member,Health & Beauty,24.29,Ewallet,7.4
7/30/2024,Member,Home & Lifestyle,65.24,Cash,7.6
7/30/2024,Normal,Electronics,86.1,Cash,7.6
7/30/2024,Normal,Food & Beverages,7.93,Credit card,8.4
7/30/2024,Member,Health & Beauty,23.8,Credit card,5.9
7/30/2024,Normal,Home & Lifestyle,62.07,Ewallet,8.3
7/30/2024,Normal,Food & Beverages,7.06,Ewallet,7.3
7/31/2024,Normal,Health & Beauty,20.02,Cash,7.2
7/31/2024,Normal,Fashion & Accs,19.43,Cash,8.8
7/31/2024,Normal,Food & Beverages,7.45,Cash,5.8
7/31/2024,Member,Health & Beauty,32.25,Ewallet,5.9
7/31/2024,Normal,Food & Beverages,5.35,Credit card,7.6
7/31/2024,Normal,Health & Beauty,27.8,Credit card,5.4
7/31/2024,Normal,Food & Beverages,7.93,Cash,6.5
7/31/2024,Normal,Food & Beverages,6.09,Cash,7.4
7/31/2024,Normal,Food & Beverages,3.93,Credit card,7.6
7/31/2024,Normal,Health & Beauty,34.73,Cash,7.4
7/31/2024,Normal,Home & Lifestyle,67.69,Ewallet,6.4
7/31/2024,Normal,Food & Beverages,3.25,Ewallet,7
7/31/2024,Normal,Food & Beverages,3.88,Ewallet,7.8
7/31/2024,Normal,Food & Beverages,2.97,Ewallet,7.5
7/31/2024,Normal,Home & Lifestyle,69.24,Ewallet,7.7
8/1/2024,Normal,Food & Beverages,3.96,Ewallet,7.9
8/1/2024,Member,Health & Beauty,32.14,Cash,7.1
8/1/2024,Normal,Fashion & Accs,12.4,Ewallet,6.8
8/1/2024,Normal,Home & Lifestyle,63.54,Cash,7.1
8/1/2024,Normal,Food & Beverages,3.36,Cash,6.1
8/1/2024,Member,Electronics,85.1,Ewallet,8.8
8/1/2024,Member,Food & Beverages,6.68,Credit card,8.6
8/1/2024,Normal,Food & Beverages,6.36,Ewallet,7.3
8/1/2024,Normal,Food & Beverages,7.8,Ewallet,8.9
8/1/2024,Normal,Food & Beverages,6.02,Credit card,8.4
8/1/2024,Normal,Fashion & Accs,14.14,Ewallet,5.4
8/1/2024,Normal,Fashion & Accs,19.42,Cash,5.2
8/1/2024,Normal,Food & Beverages,6.74,Ewallet,6.4
8/1/2024,Normal,Health & Beauty,32.94,Ewallet,7.3
8/1/2024,Normal,Food & Beverages,2.75,Credit card,7.2
8/1/2024,Normal,Home & Lifestyle,51.31,Cash,6
8/2/2024,Normal,Food & Beverages,4.88,Ewallet,7.9
8/2/2024,Member,Health & Beauty,26.23,Cash,8.9
8/2/2024,Normal,Sports & Travel,71.67,Cash,7.5
8/2/2024,Normal,Home & Lifestyle,56.04,Cash,7.8
8/2/2024,Normal,Food & Beverages,4.29,Ewallet,6.5
8/2/2024,Normal,Food & Beverages,6,Cash,7.6
8/2/2024,Normal,Home & Lifestyle,61.04,Credit card,7.1
8/2/2024,Normal,Food & Beverages,3.46,Credit card,6
8/2/2024,Member,Electronics,96.28,Ewallet,8.4
8/3/2024,Member,Food & Beverages,4.14,Ewallet,7.2
8/3/2024,Normal,Food & Beverages,4.55,Ewallet,7.6
8/3/2024,Member,Food & Beverages,6.32,Cash,7.2
8/3/2024,Normal,Food & Beverages,7.28,Cash,7.6
8/3/2024,Normal,Health & Beauty,33.32,Ewallet,6.8
8/3/2024,Normal,Food & Beverages,4.35,Cash,6.3
8/3/2024,Member,Food & Beverages,3.59,Cash,7.4
8/3/2024,Normal,Health & Beauty,29.56,Credit card,7.8
8/3/2024,Normal,Food & Beverages,6.55,Cash,7.4
8/3/2024,Normal,Food & Beverages,4.28,Credit card,6.3
8/3/2024,Normal,Home & Lifestyle,70.27,Credit card,8.6
8/3/2024,Normal,Food & Beverages,6.09,Cash,7.4
8/3/2024,Member,Fashion & Accs,13.06,Credit card,8.1
8/3/2024,Normal,Health & Beauty,34.74,Ewallet,8.1
8/3/2024,Member,Health & Beauty,33.43,Credit card,7
8/3/2024,Normal,Health & Beauty,26.12,Credit card,8.4
8/3/2024,Normal,Food & Beverages,7.73,Ewallet,9.8
8/3/2024,Normal,Food & Beverages,5.8,Ewallet,7.3
8/4/2024,Normal,Health & Beauty,38.86,Cash,7.7
8/4/2024,Normal,Home & Lifestyle,63.94,Cash,6.3
8/4/2024,Normal,Sports & Travel,69.12,Credit card,8.4
8/4/2024,Normal,Fashion & Accs,12.47,Cash,6.8
8/4/2024,Normal,Food & Beverages,4.84,Credit card,6.7
8/4/2024,Normal,Food & Beverages,2.57,Cash,8.8
8/4/2024,Normal,Food & Beverages,7.81,Cash,6.8
8/4/2024,Normal,Food & Beverages,7.05,Credit card,7.9
8/4/2024,Normal,Food & Beverages,4.33,Credit card,7.2
8/4/2024,Normal,Sports & Travel,62.05,Cash,7.7
8/4/2024,Member,Home & Lifestyle,73.54,Ewallet,7.8
8/4/2024,Normal,Food & Beverages,7.25,Ewallet,7.5
8/4/2024,Normal,Health & Beauty,22.46,Ewallet,5.7
8/4/2024,Normal,Food & Beverages,7.5,Ewallet,8.2
8/4/2024,Normal,Food & Beverages,7.53,Ewallet,6.5
8/5/2024,Member,Food & Beverages,5.25,Ewallet,6.8
8/5/2024,Normal,Health & Beauty,29.87,Cash,8.1
8/5/2024,Normal,Home & Lifestyle,72.72,Cash,7.1
8/5/2024,Normal,Health & Beauty,28.9,Credit card,8.8
8/5/2024,Normal,Health & Beauty,30.95,Ewallet,8.2
8/5/2024,Normal,Home & Lifestyle,65.27,Cash,6.2
8/5/2024,Normal,Health & Beauty,16.65,Ewallet,6
8/5/2024,Member,Food & Beverages,7.22,Credit card,6.9
8/5/2024,Normal,Health & Beauty,27.8,Cash,6.3
8/5/2024,Normal,Health & Beauty,32.99,Cash,6
8/6/2024,Normal,Food & Beverages,6.22,Ewallet,8.2
8/6/2024,Normal,Sports & Travel,74.49,Cash,7.7
8/6/2024,Normal,Sports & Travel,58.27,Cash,6
8/6/2024,Normal,Food & Beverages,3.15,Ewallet,6
8/6/2024,Normal,Sports & Travel,70.9,Credit card,8
8/6/2024,Normal,Food & Beverages,4.09,Cash,7.5
8/6/2024,Member,Home & Lifestyle,70.74,Credit card,8.5
8/6/2024,Member,Health & Beauty,34.91,Cash,6.1
8/6/2024,Member,Fashion & Accs,18.34,Ewallet,7.6
8/6/2024,Normal,Food & Beverages,3.52,Ewallet,6.5
8/6/2024,Member,Food & Beverages,5.38,Cash,5.7
8/6/2024,Normal,Food & Beverages,2.52,Ewallet,8.5
8/6/2024,Normal,Food & Beverages,6.29,Ewallet,6
8/6/2024,Normal,Health & Beauty,22.56,Ewallet,6.8
8/6/2024,Member,Health & Beauty,29.69,Cash,6.2
8/6/2024,Normal,Fashion & Accs,11.74,Cash,6.8
8/7/2024,Member,Home & Lifestyle,55.23,Cash,8.1
8/7/2024,Normal,Food & Beverages,6.89,Cash,8.6
8/7/2024,Normal,Food & Beverages,3.37,Credit card,5.8
8/7/2024,Normal,Food & Beverages,5.05,Cash,7.6
8/7/2024,Normal,Food & Beverages,4.17,Credit card,6.7
8/7/2024,Normal,Health & Beauty,32.61,Cash,5.4
8/7/2024,Normal,Food & Beverages,3.44,Ewallet,6.8
8/7/2024,Normal,Food & Beverages,4.01,Ewallet,8.1
8/8/2024,Normal,Home & Lifestyle,65.05,Ewallet,6.6
8/8/2024,Member,Food & Beverages,6.83,Cash,7.9
8/8/2024,Member,Sports & Travel,59.69,Cash,5.6
8/8/2024,Normal,Health & Beauty,32.43,Ewallet,9
8/8/2024,Normal,Food & Beverages,5.49,Credit card,7.3
8/8/2024,Normal,Food & Beverages,4.84,Credit card,6.6
8/8/2024,Member,Fashion & Accs,9.08,Cash,6
8/8/2024,Normal,Health & Beauty,28.72,Cash,7.4
8/8/2024,Normal,Food & Beverages,3.78,Ewallet,9.8
8/8/2024,Normal,Home & Lifestyle,54.4,Credit card,7.1
8/8/2024,Normal,Food & Beverages,7.5,Credit card,7.9
8/8/2024,Normal,Electronics,95,Credit card,6.8
8/8/2024,Member,Home & Lifestyle,61.86,Credit card,7
8/9/2024,Normal,Food & Beverages,3.17,Cash,7.4
8/9/2024,Normal,Health & Beauty,35.35,Cash,7.5
8/9/2024,Member,Fashion & Accs,16.06,Cash,6.9
8/9/2024,Normal,Fashion & Accs,14.21,Ewallet,6.1
8/9/2024,Member,Health & Beauty,28.49,Ewallet,7
8/9/2024,Normal,Food & Beverages,5.43,Cash,6.5
8/9/2024,Normal,Food & Beverages,2.88,Ewallet,9.1
8/9/2024,Member,Food & Beverages,7.61,Cash,7.3
8/9/2024,Normal,Food & Beverages,7.17,Cash,7.3
8/9/2024,Member,Home & Lifestyle,53.9,Cash,5.9
8/9/2024,Normal,Food & Beverages,6.43,Cash,7.1
8/9/2024,Normal,Food & Beverages,7.14,Credit card,7.6
8/9/2024,Normal,Sports & Travel,56.93,Ewallet,7.2
8/9/2024,Normal,Food & Beverages,3.58,Cash,6.3
8/10/2024,Normal,Health & Beauty,38.74,Cash,5.9
8/10/2024,Normal,Food & Beverages,4.15,Cash,6.9
8/10/2024,Normal,Health & Beauty,31.21,Ewallet,6.7
8/10/2024,Normal,Food & Beverages,4.51,Ewallet,7.6
8/10/2024,Normal,Food & Beverages,5.46,Ewallet,7
8/10/2024,Member,Food & Beverages,3.14,Credit card,6.2
8/10/2024,Normal,Fashion & Accs,12.21,Ewallet,5.7
8/10/2024,Member,Food & Beverages,6.6,Credit card,7.2
8/10/2024,Normal,Fashion & Accs,7.79,Ewallet,6.5
8/10/2024,Normal,Health & Beauty,26.49,Ewallet,7.2
8/10/2024,Normal,Sports & Travel,50.63,Ewallet,7.3
8/10/2024,Normal,Health & Beauty,26.91,Cash,7.2
8/10/2024,Normal,Home & Lifestyle,65.61,Cash,8.7
8/10/2024,Normal,Food & Beverages,6.96,Ewallet,7.7
8/10/2024,Normal,Health & Beauty,36.68,Ewallet,6.7
8/10/2024,Normal,Home & Lifestyle,54.82,Cash,5.3
8/10/2024,Member,Food & Beverages,5.59,Cash,7.5
8/11/2024,Normal,Health & Beauty,29.13,Cash,6
8/11/2024,Normal,Food & Beverages,7.58,Credit card,7.5
8/11/2024,Member,Food & Beverages,4.73,Credit card,6.7
8/11/2024,Member,Food & Beverages,5.65,Cash,8.6
8/11/2024,Normal,Electronics,93.36,Ewallet,6.8
8/11/2024,Member,Food & Beverages,4.24,Cash,6.9
8/11/2024,Member,Home & Lifestyle,54.19,Ewallet,7.5
8/11/2024,Normal,Food & Beverages,4.74,Ewallet,6.3
8/11/2024,Normal,Fashion & Accs,19.71,Cash,7
8/11/2024,Normal,Sports & Travel,67.46,Credit card,6.3
8/11/2024,Member,Food & Beverages,7.24,Credit card,8.4
8/12/2024,Normal,Food & Beverages,6.3,Ewallet,9.7
8/12/2024,Normal,Food & Beverages,7.27,Cash,6.7
8/12/2024,Normal,Electronics,91.82,Credit card,6.6
8/12/2024,Normal,Food & Beverages,2.39,Credit card,8
8/12/2024,Normal,Home & Lifestyle,72.42,Cash,6.9
8/12/2024,Normal,Home & Lifestyle,61.39,Credit card,5.8
8/12/2024,Normal,Electronics,81.42,Credit card,6.1
8/12/2024,Normal,Health & Beauty,26.85,Ewallet,6.6
8/12/2024,Normal,Health & Beauty,27.29,Ewallet,6.7
8/13/2024,Normal,Electronics,85.6,Ewallet,5.5
8/13/2024,Member,Food & Beverages,7.82,Cash,7.1
8/13/2024,Normal,Health & Beauty,33.1,Credit card,5.8
8/13/2024,Normal,Food & Beverages,3.01,Cash,7.4
8/13/2024,Normal,Food & Beverages,5.16,Credit card,8.8
8/13/2024,Normal,Food & Beverages,7.64,Credit card,7.6
8/13/2024,Member,Food & Beverages,7.36,Cash,7.4
8/13/2024,Normal,Food & Beverages,3.88,Credit card,8.1
8/13/2024,Member,Food & Beverages,5.53,Ewallet,8.7
8/13/2024,Normal,Sports & Travel,72.39,Ewallet,5.3
8/13/2024,Member,Fashion & Accs,12.38,Ewallet,7.2
8/13/2024,Normal,Food & Beverages,6.27,Cash,7.4
8/13/2024,Member,Sports & Travel,67.06,Credit card,6.9
8/13/2024,Normal,Food & Beverages,7.21,Ewallet,7.9
8/14/2024,Normal,Fashion & Accs,17.47,Cash,6.5
8/14/2024,Normal,Health & Beauty,32.79,Credit card,5.8
8/14/2024,Normal,Home & Lifestyle,52.31,Ewallet,6.2
8/14/2024,Normal,Fashion & Accs,14.75,Ewallet,7.1
8/14/2024,Normal,Food & Beverages,6.81,Cash,9.7
8/14/2024,Member,Health & Beauty,24.85,Cash,7.9
8/14/2024,Member,Health & Beauty,21.5,Ewallet,9.2
8/14/2024,Member,Health & Beauty,32.38,Credit card,7
8/14/2024,Normal,Fashion & Accs,13.13,Cash,8
8/14/2024,Normal,Food & Beverages,5.36,Credit card,9
8/14/2024,Normal,Food & Beverages,4.7,Credit card,8.1
8/14/2024,Normal,Health & Beauty,25.37,Cash,5.6
8/14/2024,Member,Food & Beverages,6.2,Cash,8.7
8/14/2024,Member,Home & Lifestyle,73.55,Credit card,7.4
8/15/2024,Member,Food & Beverages,5.99,Cash,7.3
8/15/2024,Normal,Food & Beverages,4.32,Ewallet,6.9
8/15/2024,Normal,Food & Beverages,7.9,Cash,8.3
8/15/2024,Member,Food & Beverages,7.14,Ewallet,8.4
8/15/2024,Normal,Health & Beauty,31.07,Cash,6
8/15/2024,Member,Fashion & Accs,13.83,Cash,7.2
8/15/2024,Normal,Food & Beverages,6.94,Cash,7.3
8/15/2024,Normal,Health & Beauty,30.64,Cash,5.9
8/15/2024,Normal,Food & Beverages,7.56,Ewallet,7.4
8/16/2024,Member,Electronics,94.92,Cash,9.8
8/16/2024,Normal,Health & Beauty,30.64,Credit card,5.6
8/16/2024,Member,Health & Beauty,28.23,Ewallet,8.2
8/16/2024,Normal,Electronics,96.01,Credit card,8.3
8/16/2024,Normal,Food & Beverages,5.64,Credit card,8.5
8/16/2024,Member,Food & Beverages,5.45,Ewallet,7.3
8/16/2024,Normal,Food & Beverages,3.53,Cash,7.4
8/16/2024,Normal,Fashion & Accs,5.37,Cash,6.8
8/17/2024,Normal,Health & Beauty,27.11,Cash,8.2
8/17/2024,Normal,Food & Beverages,5.62,Ewallet,7.4
8/17/2024,Normal,Food & Beverages,5.68,Cash,5.8
8/17/2024,Normal,Sports & Travel,57.42,Credit card,6.8
8/17/2024,Member,Health & Beauty,33.9,Ewallet,7.5
8/17/2024,Normal,Food & Beverages,3.83,Cash,6.1
8/17/2024,Member,Health & Beauty,39.62,Cash,6.8
8/17/2024,Normal,Food & Beverages,5.41,Ewallet,6.8
8/17/2024,Member,Food & Beverages,7.22,Cash,7.4
8/18/2024,Normal,Food & Beverages,5.01,Cash,7.5
8/18/2024,Normal,Food & Beverages,5.9,Credit card,7.2
8/18/2024,Normal,Food & Beverages,6.03,Cash,8.8
8/18/2024,Normal,Food & Beverages,6.42,Ewallet,6.3
8/18/2024,Normal,Health & Beauty,29.12,Cash,6.7
8/18/2024,Normal,Food & Beverages,2.34,Credit card,9
8/18/2024,Normal,Food & Beverages,3.43,Ewallet,8.3
8/18/2024,Normal,Food & Beverages,6.57,Ewallet,6.9
8/18/2024,Member,Sports & Travel,73.4,Credit card,8.7
8/18/2024,Normal,Fashion & Accs,15.82,Cash,8.3
8/18/2024,Member,Sports & Travel,58.14,Credit card,7.7
8/19/2024,Member,Food & Beverages,6.1,Ewallet,7.7
8/19/2024,Member,Fashion & Accs,6.81,Ewallet,8.2
8/19/2024,Normal,Food & Beverages,7.11,Credit card,7.2
8/19/2024,Normal,Food & Beverages,4.79,Ewallet,6.3
8/19/2024,Member,Health & Beauty,33.2,Cash,7.1
8/19/2024,Member,Home & Lifestyle,69.74,Credit card,6.9
8/19/2024,Normal,Sports & Travel,61.82,Credit card,8.6
8/19/2024,Normal,Home & Lifestyle,49.71,Ewallet,6.9
8/19/2024,Normal,Food & Beverages,2.98,Cash,6.1
8/19/2024,Normal,Food & Beverages,5.29,Ewallet,6.6
8/19/2024,Member,Home & Lifestyle,68.19,Cash,6.2
8/19/2024,Member,Food & Beverages,6.49,Credit card,9
8/19/2024,Member,Fashion & Accs,14.32,Cash,7.4
8/19/2024,Member,Fashion & Accs,15.19,Credit card,7.5
8/20/2024,Member,Food & Beverages,3.24,Credit card,8.3
8/20/2024,Member,Food & Beverages,6.69,Credit card,7.4
8/20/2024,Member,Food & Beverages,6.78,Credit card,8.7
8/20/2024,Normal,Food & Beverages,2.69,Cash,6.8
8/20/2024,Member,Home & Lifestyle,68.73,Credit card,6.6
8/20/2024,Normal,Food & Beverages,2.68,Cash,8.1
8/20/2024,Normal,Food & Beverages,5.45,Cash,8.8
8/20/2024,Normal,Home & Lifestyle,56.98,Credit card,8
8/20/2024,Normal,Health & Beauty,16.87,Credit card,5.1
8/21/2024,Member,Food & Beverages,7.4,Ewallet,8.2
8/21/2024,Normal,Food & Beverages,5.17,Cash,7.7
8/21/2024,Normal,Health & Beauty,27.52,Ewallet,7.3
8/21/2024,Member,Health & Beauty,38.89,Ewallet,6.9
8/21/2024,Normal,Food & Beverages,6.68,Credit card,6.5
8/21/2024,Normal,Food & Beverages,6.38,Cash,6.5
8/21/2024,Normal,Food & Beverages,5.13,Credit card,7.8
8/21/2024,Member,Health & Beauty,31.79,Cash,6.6
8/21/2024,Normal,Food & Beverages,4.81,Credit card,5.9
8/21/2024,Member,Food & Beverages,6.23,Ewallet,8.7
8/21/2024,Normal,Food & Beverages,6.93,Credit card,7.2
8/21/2024,Normal,Food & Beverages,4.08,Credit card,7
8/21/2024,Normal,Food & Beverages,6.54,Cash,8.7
8/21/2024,Normal,Food & Beverages,6.61,Ewallet,7.4
8/22/2024,Normal,Food & Beverages,5.37,Ewallet,7.8
8/22/2024,Normal,Sports & Travel,69.46,Cash,6.7
8/22/2024,Normal,Food & Beverages,5.98,Cash,7.5
8/22/2024,Normal,Fashion & Accs,15.16,Ewallet,7.1
8/22/2024,Normal,Health & Beauty,28.58,Credit card,6.4
8/22/2024,Normal,Food & Beverages,6.18,Cash,6.8
8/22/2024,Member,Food & Beverages,7.14,Credit card,6.8
8/22/2024,Normal,Health & Beauty,23.92,Cash,8.8
8/23/2024,Normal,Food & Beverages,5.53,Cash,5.5
8/23/2024,Normal,Food & Beverages,3.55,Credit card,7.3
8/23/2024,Normal,Food & Beverages,6.1,Cash,7.2
8/23/2024,Normal,Health & Beauty,24.15,Credit card,8.1
8/23/2024,Normal,Fashion & Accs,12.93,Ewallet,8.3
8/23/2024,Normal,Food & Beverages,2.5,Cash,6.6
8/23/2024,Normal,Health & Beauty,32.65,Cash,4.8
8/23/2024,Normal,Food & Beverages,5.11,Cash,8.6
8/23/2024,Normal,Sports & Travel,71.9,Ewallet,7.4
8/23/2024,Normal,Food & Beverages,6.2,Cash,7.6
8/23/2024,Normal,Health & Beauty,31.26,Credit card,7.6
8/23/2024,Normal,Food & Beverages,6.08,Credit card,8.6
8/23/2024,Normal,Health & Beauty,25.68,Cash,6.7
8/23/2024,Normal,Health & Beauty,27.81,Credit card,7.8
8/23/2024,Member,Health & Beauty,20.39,Ewallet,7.1
8/23/2024,Normal,Health & Beauty,35.09,Credit card,8.6
8/23/2024,Member,Fashion & Accs,7.16,Cash,4.6
8/24/2024,Normal,Food & Beverages,6.69,Cash,7
8/24/2024,Member,Food & Beverages,7.18,Ewallet,7.6
8/24/2024,Normal,Food & Beverages,7.26,Ewallet,5.9
8/24/2024,Normal,Food & Beverages,2.66,Cash,9.6
8/24/2024,Normal,Food & Beverages,6.54,Cash,8.4
8/24/2024,Normal,Food & Beverages,6.36,Credit card,6.9
8/24/2024,Normal,Food & Beverages,7.35,Cash,7
8/24/2024,Member,Home & Lifestyle,50.65,Credit card,6.3
8/25/2024,Member,Food & Beverages,5.54,Ewallet,7.4
8/25/2024,Member,Electronics,87.26,Cash,5.6
8/25/2024,Normal,Food & Beverages,7.17,Credit card,7.8
8/25/2024,Normal,Food & Beverages,7.03,Ewallet,8.2
8/25/2024,Normal,Health & Beauty,35.27,Ewallet,6.6
8/25/2024,Member,Food & Beverages,5.12,Cash,7.1
8/25/2024,Normal,Fashion & Accs,17.43,Credit card,7.8
8/25/2024,Normal,Food & Beverages,6.13,Cash,8.3
8/25/2024,Normal,Health & Beauty,36.61,Credit card,8.6
8/25/2024,Normal,Health & Beauty,32.28,Cash,6.6
8/25/2024,Normal,Food & Beverages,5.76,Ewallet,7.3
8/25/2024,Member,Health & Beauty,31.41,Cash,7.4
8/25/2024,Member,Fashion & Accs,10.58,Ewallet,7.3
8/25/2024,Member,Food & Beverages,6.26,Ewallet,6
8/25/2024,Member,Food & Beverages,6.12,Ewallet,8.8
8/25/2024,Normal,Health & Beauty,37.14,Credit card,7.2
8/26/2024,Normal,Food & Beverages,2.92,Ewallet,7.9
8/26/2024,Normal,Food & Beverages,6.44,Cash,7.7
8/26/2024,Normal,Food & Beverages,6.7,Cash,8.1
8/26/2024,Normal,Food & Beverages,5.6,Ewallet,8
8/26/2024,Normal,Food & Beverages,4.42,Credit card,6.8
8/26/2024,Normal,Food & Beverages,5.37,Ewallet,6.2
8/26/2024,Member,Food & Beverages,7.62,Cash,5.9
8/26/2024,Normal,Home & Lifestyle,60.48,Cash,6.7
8/26/2024,Normal,Health & Beauty,34.91,Ewallet,7.2
8/26/2024,Normal,Food & Beverages,6.43,Ewallet,6.8
8/26/2024,Member,Health & Beauty,36.97,Cash,7.2
8/26/2024,Normal,Food & Beverages,5.4,Cash,7
8/26/2024,Normal,Health & Beauty,34.3,Cash,7.4
8/26/2024,Member,Food & Beverages,5.21,Cash,7.2
8/26/2024,Member,Fashion & Accs,13.73,Credit card,7.1
8/26/2024,Normal,Health & Beauty,22.33,Credit card,6.4
8/27/2024,Member,Health & Beauty,25.22,Credit card,6.8
8/27/2024,Normal,Food & Beverages,3.85,Ewallet,7.2
8/27/2024,Normal,Food & Beverages,7.1,Ewallet,7.7
8/27/2024,Member,Health & Beauty,27.63,Cash,7.2
8/27/2024,Member,Health & Beauty,34.46,Ewallet,6.3
8/27/2024,Member,Food & Beverages,6.5,Cash,7.3
8/27/2024,Normal,Health & Beauty,22.75,Credit card,8.1
8/27/2024,Normal,Food & Beverages,5.86,Credit card,6.1
8/27/2024,Normal,Food & Beverages,3.18,Credit card,6
8/28/2024,Member,Food & Beverages,6.77,Credit card,6.7
8/28/2024,Normal,Food & Beverages,5.74,Ewallet,7.9
8/28/2024,Member,Food & Beverages,3.67,Ewallet,7.4
8/28/2024,Member,Health & Beauty,21.08,Credit card,7.7
8/28/2024,Normal,Fashion & Accs,12.14,Cash,6.4
8/28/2024,Member,Health & Beauty,33.13,Cash,7.5
8/28/2024,Normal,Fashion & Accs,15.15,Credit card,6.5
8/28/2024,Normal,Food & Beverages,4.49,Cash,8.8
8/28/2024,Member,Health & Beauty,36.69,Credit card,6.9
8/28/2024,Normal,Fashion & Accs,13.78,Ewallet,7
8/28/2024,Member,Health & Beauty,16.26,Ewallet,7.9
8/29/2024,Normal,Food & Beverages,6.24,Cash,6.4
8/29/2024,Normal,Food & Beverages,7.67,Credit card,8.7
8/29/2024,Normal,Food & Beverages,6.7,Cash,7.2
8/29/2024,Normal,Food & Beverages,5.35,Ewallet,7.7
8/29/2024,Normal,Food & Beverages,6.09,Ewallet,6.4
8/29/2024,Normal,Health & Beauty,16.03,Ewallet,5.7
8/29/2024,Normal,Food & Beverages,3.42,Ewallet,7.5
8/29/2024,Normal,Food & Beverages,6.33,Cash,7.6
8/29/2024,Member,Food & Beverages,6.91,Cash,8.8
8/29/2024,Normal,Food & Beverages,7.1,Ewallet,7.2
8/29/2024,Normal,Health & Beauty,25.95,Cash,8.2
8/30/2024,Normal,Food & Beverages,4.91,Credit card,9.3
8/30/2024,Normal,Food & Beverages,5.94,Credit card,8.2
8/30/2024,Member,Food & Beverages,3.95,Cash,6.6
8/30/2024,Normal,Food & Beverages,6.83,Ewallet,7.7
8/30/2024,Member,Food & Beverages,7.58,Cash,8.5
8/30/2024,Member,Fashion & Accs,11.54,Credit card,7.3
8/30/2024,Normal,Health & Beauty,24.78,Credit card,6
8/30/2024,Normal,Electronics,94.77,Ewallet,7.6
8/31/2024,Normal,Home & Lifestyle,69.24,Ewallet,7.7
9/1/2024,Member,Home & Lifestyle,44.19,Ewallet,5.5
9/1/2024,Member,Sports & Travel,52.81,Credit card,9.5
9/1/2024,Member,Food & Beverages,9.66,Ewallet,8
9/1/2024,Member,Food & Beverages,14.44,Cash,7.1
9/1/2024,Normal,Health & Beauty,35.18,Credit card,4.1
9/1/2024,Normal,Electronics,91.72,Credit card,4.1
9/1/2024,Normal,Fashion & Accs,24.7,Ewallet,3.4
9/1/2024,Member,Health & Beauty,23.88,Ewallet,8.9
9/1/2024,Normal,Home & Lifestyle,47.34,Credit card,7.1
9/1/2024,Normal,Electronics,95.97,Cash,7.8
9/1/2024,Member,Food & Beverages,13.87,Ewallet,3.1
9/1/2024,Normal,Food & Beverages,10.36,Cash,9.6
9/1/2024,Normal,Food & Beverages,7.57,Credit card,8.7
9/1/2024,Member,Food & Beverages,2.61,Cash,4.4
9/1/2024,Member,Food & Beverages,9.75,Credit card,4.2
9/1/2024,Normal,Electronics,82.17,Ewallet,4.2
9/1/2024,Normal,Fashion & Accs,14.07,Ewallet,5.1
9/1/2024,Normal,Fashion & Accs,10.97,Credit card,6.6
9/1/2024,Normal,Food & Beverages,8.35,Ewallet,5.9
9/1/2024,Member,Sports & Travel,57.23,Ewallet,5
9/1/2024,Normal,Food & Beverages,8.93,Cash,7.2
9/1/2024,Normal,Health & Beauty,30.16,Ewallet,3.9
9/1/2024,Member,Fashion & Accs,18.43,Credit card,5
9/2/2024,Member,Health & Beauty,15.53,Cash,5.5
9/2/2024,Member,Food & Beverages,13.77,Cash,6.1
9/2/2024,Normal,Food & Beverages,11.4,Credit card,8.3
9/2/2024,Member,Food & Beverages,3.26,Credit card,4.4
9/2/2024,Normal,Health & Beauty,39.6,Cash,6.5
9/2/2024,Member,Fashion & Accs,8.8,Cash,7
9/2/2024,Normal,Food & Beverages,13.2,Cash,3.3
9/2/2024,Normal,Home & Lifestyle,67.79,Cash,7.1
9/2/2024,Normal,Health & Beauty,19.12,Ewallet,4.2
9/2/2024,Member,Food & Beverages,11.06,Ewallet,3.4
9/2/2024,Normal,Health & Beauty,29.48,Cash,9.5
9/2/2024,Normal,Food & Beverages,13.09,Cash,9.6
9/2/2024,Normal,Health & Beauty,31.88,Credit card,8.5
9/2/2024,Normal,Electronics,87.94,Credit card,5.1
9/2/2024,Member,Food & Beverages,7.15,Credit card,3.7
9/2/2024,Normal,Electronics,98.92,Cash,7.7
9/2/2024,Normal,Food & Beverages,13.43,Cash,6
9/2/2024,Normal,Health & Beauty,39.68,Cash,3.8
9/3/2024,Normal,Sports & Travel,54.03,Ewallet,6.4
9/3/2024,Normal,Fashion & Accs,19.35,Ewallet,3.2
9/3/2024,Normal,Sports & Travel,75.38,Credit card,9.2
9/3/2024,Normal,Sports & Travel,69.11,Cash,4.8
9/3/2024,Member,Health & Beauty,38.63,Credit card,7.5
9/3/2024,Normal,Sports & Travel,51.25,Ewallet,5.1
9/3/2024,Member,Fashion & Accs,9.99,Credit card,6.5
9/3/2024,Normal,Home & Lifestyle,47.1,Ewallet,6.7
9/3/2024,Member,Sports & Travel,77.73,Ewallet,4.3
9/3/2024,Member,Sports & Travel,71.04,Ewallet,9.6
9/3/2024,Member,Sports & Travel,74.62,Cash,8.3
9/3/2024,Normal,Home & Lifestyle,69.01,Credit card,9.4
9/3/2024,Normal,Health & Beauty,17.88,Cash,9.1
9/3/2024,Normal,Electronics,86.55,Credit card,7.1
9/3/2024,Member,Electronics,93.43,Credit card,9.3
9/3/2024,Member,Sports & Travel,52.1,Credit card,3.6
9/3/2024,Normal,Home & Lifestyle,60.01,Credit card,4.3
9/3/2024,Normal,Food & Beverages,6.93,Credit card,3.3
9/4/2024,Member,Food & Beverages,4.73,Credit card,5.2
9/4/2024,Normal,Food & Beverages,12.32,Ewallet,5.6
9/4/2024,Member,Food & Beverages,14.38,Ewallet,4.8
9/4/2024,Member,Food & Beverages,14.79,Ewallet,8.6
9/4/2024,Normal,Food & Beverages,6.99,Cash,5.4
9/4/2024,Normal,Home & Lifestyle,46.57,Credit card,4.9
9/4/2024,Normal,Home & Lifestyle,64.04,Ewallet,6.7
9/4/2024,Normal,Home & Lifestyle,61.58,Credit card,4
9/4/2024,Normal,Electronics,89,Ewallet,8.5
9/4/2024,Normal,Sports & Travel,58.24,Ewallet,3.5
9/4/2024,Member,Food & Beverages,5.01,Ewallet,9.7
9/4/2024,Normal,Food & Beverages,4.69,Credit card,8.3
9/4/2024,Normal,Fashion & Accs,20.31,Credit card,4.4
9/4/2024,Normal,Electronics,98.07,Credit card,3
9/4/2024,Normal,Fashion & Accs,10.46,Cash,8.5
9/4/2024,Normal,Food & Beverages,12.93,Ewallet,7.8
9/4/2024,Member,Health & Beauty,25.72,Cash,8
9/4/2024,Member,Food & Beverages,11.9,Cash,8.2
9/4/2024,Normal,Electronics,94.19,Ewallet,3.5
9/4/2024,Normal,Food & Beverages,14.34,Ewallet,5.4
9/4/2024,Normal,Home & Lifestyle,56.92,Credit card,3.8
9/4/2024,Normal,Food & Beverages,4.13,Cash,8.9
9/4/2024,Member,Food & Beverages,11.3,Credit card,7.2
9/5/2024,Normal,Sports & Travel,68.01,Ewallet,5.3
9/5/2024,Normal,Home & Lifestyle,42.07,Cash,3.4
9/5/2024,Normal,Health & Beauty,30.89,Ewallet,5.1
9/5/2024,Normal,Health & Beauty,37.99,Credit card,5.2
9/5/2024,Normal,Sports & Travel,74.92,Cash,8
9/5/2024,Member,Health & Beauty,27.36,Cash,7.3
9/5/2024,Member,Food & Beverages,9.75,Credit card,9
9/5/2024,Normal,Health & Beauty,27.21,Ewallet,6.2
9/5/2024,Member,Home & Lifestyle,46.65,Credit card,3.8
9/5/2024,Normal,Home & Lifestyle,62.38,Credit card,7.9
9/5/2024,Member,Health & Beauty,19.81,Ewallet,8.2
9/5/2024,Member,Electronics,89.18,Ewallet,6.8
9/5/2024,Normal,Health & Beauty,22.41,Cash,8.2
9/5/2024,Member,Food & Beverages,2.71,Ewallet,6.4
9/5/2024,Member,Food & Beverages,2.16,Credit card,6.6
9/5/2024,Member,Health & Beauty,36.54,Ewallet,5.9
9/5/2024,Member,Health & Beauty,35.28,Cash,3.2
9/5/2024,Normal,Food & Beverages,12.28,Ewallet,3.7
9/5/2024,Normal,Health & Beauty,39.75,Credit card,3.2
9/5/2024,Normal,Food & Beverages,4.7,Cash,7.3
9/6/2024,Member,Food & Beverages,7.31,Credit card,5.1
9/6/2024,Normal,Food & Beverages,7.9,Ewallet,6.5
9/6/2024,Normal,Fashion & Accs,15.89,Ewallet,9.2
9/6/2024,Normal,Sports & Travel,67.85,Ewallet,4.7
9/6/2024,Normal,Health & Beauty,38.57,Credit card,5.8
9/6/2024,Normal,Health & Beauty,30.09,Cash,8.1
9/6/2024,Normal,Electronics,92.74,Credit card,4.6
9/6/2024,Normal,Fashion & Accs,8.63,Credit card,3.5
9/6/2024,Member,Sports & Travel,60,Ewallet,5
9/6/2024,Normal,Food & Beverages,7.21,Cash,4.1
9/6/2024,Normal,Food & Beverages,7.25,Ewallet,9.3
9/6/2024,Normal,Food & Beverages,4.44,Credit card,8.5
9/6/2024,Member,Health & Beauty,28.73,Credit card,7.3
9/7/2024,Normal,Home & Lifestyle,49.32,Credit card,8.9
9/7/2024,Normal,Food & Beverages,3.53,Credit card,8.5
9/7/2024,Normal,Fashion & Accs,14.65,Cash,4.3
9/7/2024,Normal,Home & Lifestyle,48.29,Credit card,9.1
9/7/2024,Member,Fashion & Accs,10.97,Credit card,6.7
9/7/2024,Normal,Home & Lifestyle,50.35,Ewallet,8.5
9/7/2024,Normal,Health & Beauty,20.97,Cash,9.1
9/7/2024,Normal,Fashion & Accs,21.23,Ewallet,5.2
9/7/2024,Normal,Fashion & Accs,5.74,Ewallet,3.7
9/7/2024,Member,Food & Beverages,13.84,Ewallet,4.5
9/7/2024,Member,Health & Beauty,34.54,Credit card,5.9
9/7/2024,Normal,Home & Lifestyle,65.78,Ewallet,8.6
9/7/2024,Normal,Home & Lifestyle,41.08,Cash,8.9
9/8/2024,Normal,Home & Lifestyle,53.02,Ewallet,3
9/8/2024,Normal,Fashion & Accs,23.07,Credit card,6.5
9/8/2024,Member,Food & Beverages,8.91,Ewallet,5.8
9/8/2024,Normal,Food & Beverages,5.13,Cash,4.5
9/8/2024,Normal,Health & Beauty,37.47,Ewallet,3.8
9/8/2024,Normal,Home & Lifestyle,69.63,Credit card,5.3
9/8/2024,Member,Health & Beauty,24.62,Cash,9.4
9/8/2024,Normal,Health & Beauty,22.38,Cash,5.2
9/8/2024,Normal,Home & Lifestyle,62.36,Ewallet,6.5
9/8/2024,Normal,Food & Beverages,10.07,Credit card,7.8
9/8/2024,Normal,Electronics,80.63,Ewallet,5.5
9/8/2024,Member,Food & Beverages,3.72,Ewallet,9.6
9/8/2024,Normal,Health & Beauty,21.42,Ewallet,9.5
9/9/2024,Normal,Food & Beverages,2.98,Ewallet,4.7
9/9/2024,Member,Fashion & Accs,12.89,Credit card,6.4
9/9/2024,Normal,Health & Beauty,35.56,Cash,5
9/9/2024,Normal,Food & Beverages,4.88,Credit card,4.9
9/9/2024,Member,Health & Beauty,16.13,Credit card,3.3
9/9/2024,Member,Health & Beauty,24.28,Credit card,7.1
9/9/2024,Normal,Fashion & Accs,21.67,Credit card,6.4
9/9/2024,Member,Electronics,88.43,Ewallet,3.4
9/9/2024,Member,Food & Beverages,5.59,Ewallet,4.9
9/9/2024,Normal,Sports & Travel,67.91,Cash,9.2
9/9/2024,Member,Food & Beverages,11.95,Credit card,4.6
9/9/2024,Normal,Sports & Travel,67.88,Ewallet,4
9/9/2024,Normal,Food & Beverages,3.43,Cash,6.3
9/9/2024,Member,Health & Beauty,21.63,Ewallet,9.7
9/9/2024,Normal,Health & Beauty,24.05,Cash,4.6
9/9/2024,Normal,Health & Beauty,37.72,Credit card,7.6
9/9/2024,Normal,Home & Lifestyle,52.79,Credit card,8.2
9/10/2024,Member,Electronics,82.81,Cash,4.6
9/10/2024,Member,Home & Lifestyle,57.92,Credit card,8
9/10/2024,Normal,Home & Lifestyle,59.53,Ewallet,5.5
9/10/2024,Normal,Food & Beverages,12.76,Credit card,7.3
9/10/2024,Member,Food & Beverages,3.98,Cash,7.3
9/10/2024,Normal,Sports & Travel,61.18,Credit card,6.6
9/10/2024,Normal,Home & Lifestyle,52.32,Ewallet,3.6
9/10/2024,Member,Fashion & Accs,16.56,Cash,8.7
9/10/2024,Normal,Health & Beauty,24.19,Credit card,5.2
9/10/2024,Normal,Sports & Travel,69.73,Cash,4.3
9/10/2024,Member,Food & Beverages,4.36,Credit card,3.3
9/10/2024,Member,Health & Beauty,28.26,Credit card,7
9/11/2024,Normal,Food & Beverages,9.38,Ewallet,7.6
9/11/2024,Normal,Food & Beverages,5.54,Credit card,3.1
9/11/2024,Member,Health & Beauty,17.77,Credit card,6.5
9/11/2024,Normal,Home & Lifestyle,41.64,Credit card,4.5
9/11/2024,Member,Food & Beverages,3.56,Ewallet,7.4
9/11/2024,Normal,Food & Beverages,12.83,Cash,4.2
9/11/2024,Normal,Sports & Travel,52.34,Credit card,7.7
9/11/2024,Member,Home & Lifestyle,52.15,Cash,5.6
9/11/2024,Member,Electronics,96,Credit card,9.4
9/11/2024,Normal,Health & Beauty,20.54,Cash,3.9
9/11/2024,Normal,Home & Lifestyle,50.48,Cash,5.3
9/11/2024,Normal,Food & Beverages,10.52,Ewallet,3.8
9/11/2024,Normal,Home & Lifestyle,66.46,Credit card,9.3
9/11/2024,Member,Electronics,88.38,Ewallet,9
9/11/2024,Member,Home & Lifestyle,53.56,Credit card,4.8
9/11/2024,Normal,Food & Beverages,8.59,Credit card,7.5
9/11/2024,Normal,Electronics,95.35,Credit card,8.6
9/12/2024,Normal,Health & Beauty,35.27,Ewallet,6.8
9/12/2024,Member,Food & Beverages,7.69,Credit card,6.6
9/12/2024,Member,Home & Lifestyle,63.23,Cash,4.6
9/12/2024,Member,Home & Lifestyle,60.35,Cash,3.6
9/12/2024,Member,Sports & Travel,67.48,Ewallet,9.1
9/12/2024,Member,Food & Beverages,11.21,Credit card,9.1
9/12/2024,Normal,Health & Beauty,35.72,Cash,7.3
9/12/2024,Member,Home & Lifestyle,45.41,Credit card,5.3
9/12/2024,Member,Fashion & Accs,10.92,Credit card,5.4
9/12/2024,Normal,Health & Beauty,36.91,Cash,7.9
9/12/2024,Normal,Health & Beauty,16.09,Ewallet,9.1
9/12/2024,Normal,Food & Beverages,12.19,Credit card,9
9/12/2024,Normal,Food & Beverages,4.52,Ewallet,8.3
9/12/2024,Normal,Health & Beauty,25.47,Ewallet,7.4
9/12/2024,Member,Sports & Travel,64.42,Credit card,3.6
9/12/2024,Member,Food & Beverages,11.92,Credit card,4.1
9/12/2024,Normal,Health & Beauty,20.55,Ewallet,9.1
9/13/2024,Normal,Electronics,84.47,Credit card,7.1
9/13/2024,Normal,Food & Beverages,3.79,Ewallet,3.1
9/13/2024,Normal,Health & Beauty,15.13,Cash,3.7
9/13/2024,Member,Food & Beverages,5.75,Cash,7.5
9/13/2024,Member,Food & Beverages,12.88,Credit card,3
9/13/2024,Normal,Food & Beverages,5.79,Credit card,4.1
9/13/2024,Normal,Food & Beverages,6.69,Credit card,6.7
9/13/2024,Member,Fashion & Accs,14.4,Ewallet,7.7
9/13/2024,Member,Food & Beverages,11.53,Ewallet,7.4
9/13/2024,Member,Fashion & Accs,11.77,Ewallet,4.5
9/13/2024,Normal,Home & Lifestyle,64.34,Ewallet,7.8
9/13/2024,Member,Electronics,83.78,Credit card,4.6
9/13/2024,Member,Food & Beverages,11.79,Cash,5.2
9/14/2024,Member,Sports & Travel,73.98,Ewallet,8.1
9/14/2024,Member,Fashion & Accs,8.74,Credit card,7.4
9/14/2024,Normal,Fashion & Accs,6.58,Ewallet,8.8
9/14/2024,Member,Food & Beverages,10.59,Credit card,7.5
9/14/2024,Member,Fashion & Accs,5.85,Credit card,6.9
9/14/2024,Member,Health & Beauty,30.94,Credit card,3.6
9/14/2024,Member,Fashion & Accs,17.15,Cash,5.5
9/14/2024,Member,Food & Beverages,14.34,Credit card,4.8
9/14/2024,Normal,Home & Lifestyle,42.31,Credit card,4.7
9/15/2024,Normal,Health & Beauty,15.65,Credit card,9.6
9/15/2024,Normal,Health & Beauty,32.6,Ewallet,5.7
9/15/2024,Member,Food & Beverages,3.76,Credit card,9.1
9/15/2024,Normal,Sports & Travel,79.03,Ewallet,7.3
9/15/2024,Normal,Fashion & Accs,22.03,Ewallet,8.4
9/15/2024,Normal,Health & Beauty,20.92,Cash,6.4
9/15/2024,Normal,Home & Lifestyle,42.59,Credit card,6.9
9/15/2024,Normal,Fashion & Accs,21.47,Cash,6.3
9/15/2024,Normal,Food & Beverages,6.48,Credit card,4.3
9/15/2024,Normal,Food & Beverages,13.29,Credit card,7.9
9/15/2024,Member,Food & Beverages,14.23,Ewallet,4.9
9/15/2024,Member,Food & Beverages,5.94,Cash,3.2
9/15/2024,Member,Home & Lifestyle,58.73,Credit card,7.4
9/16/2024,Member,Electronics,97.97,Cash,4.2
9/16/2024,Normal,Food & Beverages,10.15,Credit card,9.4
9/16/2024,Member,Food & Beverages,2.95,Cash,9.5
9/16/2024,Normal,Health & Beauty,22.81,Ewallet,9.2
9/16/2024,Normal,Sports & Travel,65.45,Credit card,5.5
9/16/2024,Member,Health & Beauty,16.27,Ewallet,3.1
9/16/2024,Normal,Health & Beauty,38.34,Cash,9.3
9/16/2024,Normal,Food & Beverages,6.01,Cash,5.9
9/16/2024,Member,Health & Beauty,23.82,Cash,9.6
9/16/2024,Member,Home & Lifestyle,40.25,Credit card,9.6
9/16/2024,Member,Sports & Travel,62.02,Credit card,8.8
9/16/2024,Normal,Health & Beauty,34.11,Ewallet,5
9/17/2024,Normal,Home & Lifestyle,51.82,Credit card,5.6
9/17/2024,Normal,Health & Beauty,16.13,Ewallet,8.8
9/17/2024,Normal,Sports & Travel,65.47,Ewallet,5.2
9/17/2024,Normal,Food & Beverages,8.6,Credit card,4.2
9/17/2024,Member,Fashion & Accs,18.48,Credit card,6.8
9/17/2024,Normal,Fashion & Accs,10.31,Credit card,9.4
9/17/2024,Normal,Fashion & Accs,19.42,Cash,7.7
9/17/2024,Member,Home & Lifestyle,53.23,Cash,6.9
9/17/2024,Normal,Home & Lifestyle,62.08,Ewallet,3.7
9/17/2024,Normal,Health & Beauty,22.84,Credit card,7.2
9/17/2024,Normal,Health & Beauty,19.81,Cash,9.7
9/17/2024,Normal,Food & Beverages,11.16,Credit card,4
9/17/2024,Member,Food & Beverages,9.46,Credit card,6.5
9/17/2024,Member,Electronics,85.45,Credit card,9
9/17/2024,Member,Health & Beauty,35.7,Ewallet,8
9/18/2024,Member,Home & Lifestyle,60.1,Cash,7.7
9/18/2024,Normal,Food & Beverages,3.31,Cash,7.8
9/18/2024,Normal,Home & Lifestyle,66.42,Credit card,5.4
9/18/2024,Member,Food & Beverages,2.77,Ewallet,5
9/18/2024,Normal,Food & Beverages,4.28,Ewallet,8.5
9/18/2024,Member,Food & Beverages,11.74,Ewallet,8.5
9/18/2024,Normal,Food & Beverages,6.36,Ewallet,8.9
9/18/2024,Normal,Health & Beauty,26.7,Ewallet,9.2
9/18/2024,Normal,Food & Beverages,2.18,Ewallet,6.5
9/18/2024,Normal,Home & Lifestyle,59.16,Ewallet,6.4
9/18/2024,Member,Health & Beauty,18.52,Ewallet,8.4
9/18/2024,Normal,Food & Beverages,14.4,Credit card,7.4
9/19/2024,Normal,Home & Lifestyle,41.86,Credit card,7.8
9/19/2024,Normal,Food & Beverages,10.3,Credit card,8.4
9/19/2024,Member,Food & Beverages,11.72,Credit card,9.1
9/19/2024,Normal,Fashion & Accs,18.61,Ewallet,5.3
9/19/2024,Member,Food & Beverages,9.33,Ewallet,5.6
9/19/2024,Member,Electronics,96.19,Cash,3.6
9/19/2024,Normal,Food & Beverages,7.79,Credit card,6.9
9/19/2024,Normal,Health & Beauty,31.82,Ewallet,3.2
9/19/2024,Normal,Health & Beauty,16.13,Ewallet,6.2
9/19/2024,Normal,Health & Beauty,26.8,Credit card,6.7
9/20/2024,Member,Fashion & Accs,22.83,Ewallet,4.9
9/20/2024,Normal,Electronics,86.59,Ewallet,7
9/20/2024,Normal,Health & Beauty,33.9,Credit card,3.2
9/20/2024,Normal,Fashion & Accs,9.95,Cash,3.3
9/20/2024,Member,Food & Beverages,10.58,Ewallet,8.6
9/20/2024,Member,Sports & Travel,67.82,Credit card,5.4
9/20/2024,Normal,Fashion & Accs,9.69,Ewallet,3.9
9/20/2024,Member,Fashion & Accs,23.33,Credit card,6.6
9/20/2024,Member,Home & Lifestyle,66.29,Cash,8.2
9/20/2024,Normal,Food & Beverages,7.55,Cash,4.5
9/20/2024,Normal,Food & Beverages,6.14,Credit card,7.2
9/21/2024,Member,Food & Beverages,4.93,Ewallet,3.6
9/21/2024,Normal,Electronics,82.54,Cash,3.4
9/21/2024,Normal,Food & Beverages,3.2,Cash,6.6
9/21/2024,Normal,Health & Beauty,19.7,Ewallet,6.7
9/21/2024,Member,Home & Lifestyle,67.27,Ewallet,7.3
9/21/2024,Normal,Electronics,93.18,Credit card,7.9
9/21/2024,Member,Food & Beverages,8.94,Credit card,9.6
9/21/2024,Member,Health & Beauty,39.53,Ewallet,6.5
9/21/2024,Normal,Food & Beverages,9.31,Ewallet,5.2
9/21/2024,Member,Food & Beverages,4.55,Credit card,8.4
9/21/2024,Member,Sports & Travel,74.65,Credit card,4.8
9/22/2024,Normal,Fashion & Accs,14.77,Ewallet,6
9/22/2024,Normal,Electronics,92.66,Credit card,3.5
9/22/2024,Member,Sports & Travel,65.17,Cash,3.2
9/22/2024,Normal,Home & Lifestyle,40.47,Credit card,9.5
9/22/2024,Normal,Food & Beverages,5.73,Ewallet,8.7
9/22/2024,Member,Home & Lifestyle,42.89,Cash,7.7
9/22/2024,Member,Home & Lifestyle,51.91,Ewallet,5.8
9/22/2024,Member,Health & Beauty,35.7,Ewallet,4.2
9/22/2024,Normal,Sports & Travel,61.32,Cash,4.1
9/22/2024,Normal,Food & Beverages,10.38,Credit card,4.7
9/22/2024,Member,Sports & Travel,77.04,Credit card,6.7
9/22/2024,Normal,Food & Beverages,9.33,Cash,7.9
9/22/2024,Normal,Sports & Travel,72.57,Ewallet,7.5
9/22/2024,Normal,Food & Beverages,9.03,Ewallet,4.9
9/23/2024,Normal,Food & Beverages,14.67,Cash,9.5
9/23/2024,Normal,Food & Beverages,6.24,Ewallet,8
9/23/2024,Normal,Health & Beauty,31.99,Cash,6.8
9/23/2024,Member,Home & Lifestyle,44.63,Ewallet,7.2
9/23/2024,Normal,Food & Beverages,7.78,Cash,5.9
9/23/2024,Member,Food & Beverages,3.17,Cash,4.7
9/23/2024,Member,Home & Lifestyle,52.41,Ewallet,5.4
9/23/2024,Normal,Home & Lifestyle,45.09,Cash,8.2
9/23/2024,Member,Food & Beverages,7.65,Cash,3.1
9/23/2024,Normal,Fashion & Accs,14.92,Cash,3.8
9/23/2024,Member,Food & Beverages,10.06,Credit card,3.3
9/23/2024,Member,Health & Beauty,30.08,Credit card,3.3
9/23/2024,Member,Food & Beverages,11.03,Ewallet,8.8
9/23/2024,Normal,Fashion & Accs,12.86,Ewallet,7.8
9/24/2024,Normal,Food & Beverages,9.15,Ewallet,6.2
9/24/2024,Normal,Food & Beverages,12.34,Ewallet,3.7
9/24/2024,Normal,Food & Beverages,11.3,Cash,6.3
9/24/2024,Normal,Electronics,97.5,Credit card,6.2
9/24/2024,Member,Fashion & Accs,9.96,Cash,4.2
9/24/2024,Normal,Home & Lifestyle,49.95,Cash,6
9/24/2024,Normal,Food & Beverages,7.08,Ewallet,5.7
9/24/2024,Member,Food & Beverages,7.41,Cash,7.2
9/24/2024,Member,Electronics,94.86,Credit card,7.3
9/24/2024,Member,Health & Beauty,22.51,Cash,3.3
9/25/2024,Normal,Food & Beverages,11.63,Cash,5.5
9/25/2024,Member,Food & Beverages,7.27,Cash,7.3
9/25/2024,Normal,Home & Lifestyle,52.89,Ewallet,6.4
9/25/2024,Normal,Food & Beverages,12.39,Cash,8.8
9/25/2024,Normal,Food & Beverages,8.36,Credit card,7.5
9/25/2024,Member,Home & Lifestyle,53.74,Ewallet,4.1
9/25/2024,Normal,Fashion & Accs,11.26,Credit card,3.5
9/25/2024,Normal,Food & Beverages,3.79,Credit card,7.4
9/25/2024,Normal,Health & Beauty,27.24,Cash,3.2
9/25/2024,Normal,Sports & Travel,64.54,Ewallet,7
9/25/2024,Normal,Electronics,89.32,Credit card,9.4
9/25/2024,Member,Food & Beverages,5.57,Cash,6.9
9/25/2024,Normal,Fashion & Accs,7.26,Cash,5.6
9/25/2024,Normal,Health & Beauty,26.03,Ewallet,7.4
9/26/2024,Member,Food & Beverages,14.99,Cash,6.1
9/26/2024,Normal,Sports & Travel,57.11,Ewallet,6.7
9/26/2024,Member,Sports & Travel,54.18,Ewallet,9.4
9/26/2024,Normal,Sports & Travel,55.05,Cash,5.6
9/26/2024,Member,Food & Beverages,11.75,Ewallet,9.5
9/26/2024,Normal,Electronics,82.51,Ewallet,9.2
9/26/2024,Normal,Sports & Travel,67.32,Credit card,4.3
9/26/2024,Normal,Health & Beauty,33.75,Credit card,3.5
9/26/2024,Normal,Health & Beauty,26.46,Ewallet,3.7
9/26/2024,Normal,Fashion & Accs,14.89,Ewallet,3.1
9/26/2024,Normal,Food & Beverages,13.62,Cash,3.6
9/26/2024,Member,Home & Lifestyle,65.73,Credit card,7.6
9/26/2024,Normal,Electronics,85.72,Cash,3.5
9/26/2024,Member,Health & Beauty,30.64,Credit card,5.2
9/26/2024,Normal,Food & Beverages,3.73,Credit card,8.7
9/27/2024,Normal,Health & Beauty,39.7,Ewallet,3.2
9/27/2024,Normal,Health & Beauty,17.56,Credit card,8.5
9/27/2024,Normal,Food & Beverages,10.8,Credit card,4.9
9/27/2024,Member,Food & Beverages,4.77,Ewallet,3.8
9/27/2024,Member,Home & Lifestyle,43.01,Credit card,7.7
9/27/2024,Normal,Health & Beauty,21.19,Cash,7.3
9/27/2024,Normal,Home & Lifestyle,60.71,Cash,9
9/27/2024,Member,Home & Lifestyle,41.64,Credit card,8
9/27/2024,Normal,Food & Beverages,14.71,Ewallet,8.5
9/27/2024,Member,Food & Beverages,10.88,Ewallet,4.9
9/27/2024,Member,Fashion & Accs,9.31,Ewallet,4.2
9/27/2024,Normal,Health & Beauty,25.06,Credit card,8.1
9/27/2024,Normal,Food & Beverages,4.64,Credit card,8.5
9/27/2024,Member,Health & Beauty,25.94,Cash,9.7
9/27/2024,Normal,Food & Beverages,2.72,Cash,5.8
9/27/2024,Normal,Fashion & Accs,11.93,Ewallet,5.5
9/27/2024,Normal,Fashion & Accs,22.47,Ewallet,8.3
9/27/2024,Normal,Food & Beverages,5.42,Credit card,5.3
9/27/2024,Normal,Health & Beauty,29.17,Cash,9.3
9/28/2024,Member,Fashion & Accs,15.18,Ewallet,8.8
9/28/2024,Member,Food & Beverages,3.95,Credit card,5.9
9/28/2024,Member,Electronics,84.7,Cash,8.1
9/28/2024,Member,Food & Beverages,12.46,Ewallet,8.1
9/28/2024,Normal,Food & Beverages,6.04,Credit card,3.7
9/28/2024,Normal,Food & Beverages,5.15,Credit card,9.1
9/28/2024,Normal,Health & Beauty,28.66,Cash,6.4
9/28/2024,Normal,Electronics,93.14,Ewallet,8.6
9/28/2024,Member,Food & Beverages,8.89,Credit card,5.2
9/28/2024,Normal,Electronics,81.76,Ewallet,9.1
9/28/2024,Normal,Health & Beauty,33.7,Cash,5.6
9/28/2024,Normal,Food & Beverages,2.81,Cash,3.1
9/28/2024,Normal,Food & Beverages,11.56,Credit card,9.2
9/28/2024,Normal,Food & Beverages,9.6,Cash,3.6
9/28/2024,Normal,Health & Beauty,39.12,Credit card,5.2
9/28/2024,Member,Health & Beauty,32.15,Cash,9.5
9/28/2024,Normal,Sports & Travel,79.05,Credit card,9.5
9/28/2024,Member,Home & Lifestyle,52.13,Credit card,6.9
9/28/2024,Normal,Home & Lifestyle,44.19,Cash,7.3
9/29/2024,Normal,Fashion & Accs,12.44,Credit card,6
9/29/2024,Normal,Food & Beverages,4.57,Ewallet,5
9/29/2024,Member,Food & Beverages,14.25,Cash,5.2
9/29/2024,Normal,Home & Lifestyle,51.48,Cash,7.6
9/29/2024,Normal,Food & Beverages,3.93,Credit card,8.1
9/29/2024,Normal,Food & Beverages,8.23,Cash,8.4
9/29/2024,Normal,Food & Beverages,12.43,Ewallet,8.4
9/29/2024,Member,Fashion & Accs,16.31,Credit card,3.6
9/29/2024,Member,Food & Beverages,12.54,Cash,6.4
9/29/2024,Normal,Electronics,81.9,Cash,3.4
9/29/2024,Normal,Sports & Travel,78.43,Ewallet,6.7
9/29/2024,Member,Fashion & Accs,16.85,Ewallet,6
9/29/2024,Normal,Food & Beverages,4.45,Credit card,9
9/29/2024,Member,Food & Beverages,4.84,Credit card,5.4
9/29/2024,Member,Food & Beverages,4.31,Cash,3.8
9/29/2024,Normal,Food & Beverages,13,Ewallet,4
9/29/2024,Normal,Health & Beauty,23.41,Cash,8.2
9/29/2024,Normal,Food & Beverages,4.26,Ewallet,7.2
9/29/2024,Normal,Electronics,95.43,Credit card,3.7
9/30/2024,Normal,Home & Lifestyle,68.46,Ewallet,3.6
9/30/2024,Normal,Fashion & Accs,23.42,Cash,7.8
9/30/2024,Member,Home & Lifestyle,42.33,Ewallet,3.5
9/30/2024,Normal,Food & Beverages,10.71,Credit card,8.6
9/30/2024,Member,Food & Beverages,12.23,Cash,7.8
9/30/2024,Normal,Health & Beauty,27.33,Credit card,3.6
9/30/2024,Member,Health & Beauty,16.84,Cash,3.6
9/30/2024,Member,Food & Beverages,13.54,Ewallet,9.7
9/30/2024,Member,Health & Beauty,39.63,Ewallet,5.5
9/30/2024,Member,Health & Beauty,17.53,Ewallet,5.5
9/30/2024,Normal,Health & Beauty,22.44,Cash,8.5
9/30/2024,Member,Home & Lifestyle,40.11,Cash,9.4
9/30/2024,Member,Home & Lifestyle,46.21,Ewallet,9.7
9/30/2024,Normal,Health & Beauty,37.37,Cash,8.1
9/30/2024,Member,Health & Beauty,26.14,Credit card,5.6
9/30/2024,Member,Food & Beverages,11.05,Cash,3.6
9/30/2024,Normal,Food & Beverages,12.93,Credit card,8.3
9/30/2024,Normal,Health & Beauty,20.89,Cash,6.8
10/1/2024,Normal,Food & Beverages,7.6,Credit card,7.7
10/1/2024,Member,Sports & Travel,56.21,Credit card,4.9
10/1/2024,Normal,Home & Lifestyle,63.89,Credit card,4.5
10/1/2024,Normal,Food & Beverages,11.8,Cash,6.7
10/1/2024,Member,Health & Beauty,24.78,Cash,7.9
10/1/2024,Normal,Home & Lifestyle,64.95,Credit card,5.9
10/1/2024,Normal,Fashion & Accs,23.18,Credit card,9.7
10/1/2024,Normal,Electronics,82.91,Cash,7.7
10/1/2024,Normal,Health & Beauty,15.53,Cash,6.3
10/2/2024,Normal,Home & Lifestyle,55.31,Ewallet,5.7
10/2/2024,Normal,Health & Beauty,28.66,Ewallet,5.3
10/2/2024,Normal,Food & Beverages,9.3,Ewallet,8
10/2/2024,Normal,Health & Beauty,32.94,Ewallet,6
10/2/2024,Member,Home & Lifestyle,62.74,Ewallet,3.4
10/2/2024,Normal,Health & Beauty,18.16,Credit card,5.7
10/2/2024,Normal,Food & Beverages,3.77,Credit card,8
10/2/2024,Member,Fashion & Accs,5.57,Credit card,4.2
10/2/2024,Normal,Health & Beauty,37.34,Cash,4.2
10/2/2024,Normal,Food & Beverages,7.18,Cash,6.6
10/2/2024,Member,Electronics,96.88,Cash,6.6
10/2/2024,Normal,Home & Lifestyle,44,Credit card,7.3
10/2/2024,Member,Health & Beauty,15.71,Ewallet,8.8
10/2/2024,Member,Electronics,91.55,Cash,7.9
10/2/2024,Member,Food & Beverages,13.2,Ewallet,7.2
10/2/2024,Member,Health & Beauty,33.84,Ewallet,7.9
10/3/2024,Member,Health & Beauty,21.64,Cash,5.2
10/3/2024,Member,Food & Beverages,12.66,Cash,5.5
10/3/2024,Normal,Health & Beauty,34.14,Ewallet,4.6
10/3/2024,Normal,Home & Lifestyle,50.32,Credit card,5
10/3/2024,Normal,Food & Beverages,3.6,Credit card,7.3
10/3/2024,Normal,Health & Beauty,28.55,Credit card,3.6
10/3/2024,Normal,Food & Beverages,8.55,Credit card,5.9
10/3/2024,Member,Health & Beauty,32.2,Credit card,5.9
10/3/2024,Member,Food & Beverages,2.17,Cash,6.4
10/3/2024,Normal,Fashion & Accs,15.62,Cash,5.9
10/4/2024,Normal,Home & Lifestyle,43.1,Ewallet,5.1
10/4/2024,Member,Food & Beverages,14.21,Credit card,5.9
10/4/2024,Member,Home & Lifestyle,55.52,Ewallet,9.1
10/4/2024,Normal,Electronics,84.63,Credit card,9.4
10/4/2024,Normal,Food & Beverages,2.39,Ewallet,6.4
10/4/2024,Member,Electronics,85.76,Ewallet,7.2
10/4/2024,Member,Fashion & Accs,14.32,Credit card,3.8
10/4/2024,Normal,Electronics,89.42,Cash,5.2
10/4/2024,Normal,Health & Beauty,36.55,Cash,5.8
10/4/2024,Normal,Food & Beverages,14.18,Ewallet,8.9
10/4/2024,Member,Fashion & Accs,9.12,Cash,4.7
10/4/2024,Member,Sports & Travel,54.88,Cash,6.3
10/4/2024,Member,Health & Beauty,20.02,Ewallet,9.7
10/4/2024,Normal,Food & Beverages,2.54,Ewallet,6.5
10/4/2024,Member,Health & Beauty,18.58,Credit card,7.2
10/4/2024,Normal,Food & Beverages,2.79,Cash,3.8
10/4/2024,Normal,Home & Lifestyle,40.02,Credit card,8.6
10/4/2024,Member,Home & Lifestyle,65.4,Ewallet,7.1
10/4/2024,Normal,Health & Beauty,15.07,Credit card,6.7
10/4/2024,Member,Sports & Travel,72,Cash,5.3
10/4/2024,Member,Fashion & Accs,13.55,Ewallet,5.1
10/5/2024,Member,Fashion & Accs,23.02,Cash,5.8
10/5/2024,Member,Fashion & Accs,7.03,Credit card,7.6
10/5/2024,Normal,Food & Beverages,3.21,Ewallet,9
10/5/2024,Normal,Health & Beauty,34.98,Cash,6.5
10/5/2024,Normal,Sports & Travel,68.58,Ewallet,7.6
10/5/2024,Member,Food & Beverages,13.76,Ewallet,7
10/5/2024,Normal,Food & Beverages,13.01,Ewallet,7.2
10/5/2024,Member,Food & Beverages,2.31,Credit card,7.6
10/5/2024,Normal,Home & Lifestyle,45.64,Credit card,8.7
10/5/2024,Normal,Sports & Travel,56,Cash,3.6
10/5/2024,Normal,Food & Beverages,4.89,Credit card,8.2
10/5/2024,Member,Fashion & Accs,22.24,Cash,4.7
10/5/2024,Member,Food & Beverages,8.95,Cash,4.3
10/5/2024,Normal,Home & Lifestyle,42.96,Credit card,6.9
10/5/2024,Normal,Health & Beauty,19.56,Cash,3.7
10/5/2024,Member,Food & Beverages,10.53,Ewallet,9
10/6/2024,Normal,Food & Beverages,12.98,Ewallet,7.3
10/6/2024,Normal,Home & Lifestyle,44.32,Credit card,7.9
10/6/2024,Member,Sports & Travel,64.38,Ewallet,3.1
10/6/2024,Member,Fashion & Accs,24.95,Credit card,7
10/6/2024,Normal,Home & Lifestyle,54.72,Ewallet,6.8
10/6/2024,Normal,Home & Lifestyle,46.95,Ewallet,4.1
10/6/2024,Member,Health & Beauty,28.14,Credit card,4
10/6/2024,Member,Health & Beauty,37.57,Cash,7.7
10/6/2024,Member,Food & Beverages,11.27,Cash,5.2
10/6/2024,Normal,Sports & Travel,55.02,Credit card,7.7
10/6/2024,Normal,Home & Lifestyle,63.16,Credit card,6.8
10/7/2024,Normal,Fashion & Accs,17.77,Credit card,5.6
10/7/2024,Normal,Food & Beverages,7.58,Credit card,9.3
10/7/2024,Normal,Food & Beverages,11.28,Ewallet,8.7
10/7/2024,Normal,Electronics,89.02,Cash,5.4
10/7/2024,Normal,Home & Lifestyle,46.07,Credit card,3.3
10/7/2024,Normal,Home & Lifestyle,43.75,Credit card,5.1
10/7/2024,Normal,Fashion & Accs,7.36,Credit card,5.7
10/7/2024,Member,Fashion & Accs,6.28,Ewallet,7.8
10/7/2024,Member,Food & Beverages,2.95,Cash,9.8
10/8/2024,Normal,Food & Beverages,4.27,Ewallet,5.4
10/8/2024,Member,Health & Beauty,26.18,Ewallet,8.2
10/8/2024,Member,Health & Beauty,35.83,Credit card,7
10/8/2024,Normal,Food & Beverages,7.78,Credit card,7.7
10/8/2024,Normal,Food & Beverages,6.16,Credit card,4
10/8/2024,Normal,Sports & Travel,56.24,Ewallet,5.7
10/8/2024,Normal,Food & Beverages,8.03,Ewallet,4.6
10/8/2024,Normal,Food & Beverages,11.36,Ewallet,5.3
10/8/2024,Member,Home & Lifestyle,49.66,Cash,6.5
10/8/2024,Normal,Health & Beauty,27.73,Cash,7.5
10/8/2024,Normal,Home & Lifestyle,67.24,Cash,3.7
10/8/2024,Member,Health & Beauty,30.82,Cash,3.9
10/8/2024,Normal,Electronics,95.13,Cash,5.2
10/8/2024,Normal,Sports & Travel,58.9,Ewallet,7.5
10/8/2024,Normal,Fashion & Accs,17.22,Ewallet,8.8
10/8/2024,Member,Food & Beverages,2.51,Ewallet,6.8
10/8/2024,Normal,Health & Beauty,17.36,Ewallet,8.8
10/8/2024,Normal,Health & Beauty,18.89,Credit card,5.6
10/8/2024,Normal,Fashion & Accs,24.14,Cash,5.2
10/8/2024,Normal,Home & Lifestyle,45.77,Ewallet,5.4
10/9/2024,Normal,Fashion & Accs,8.18,Cash,4.2
10/9/2024,Member,Home & Lifestyle,61.02,Ewallet,8.6
10/9/2024,Member,Health & Beauty,32.95,Cash,5.3
10/9/2024,Normal,Electronics,91.7,Credit card,6.8
10/9/2024,Normal,Food & Beverages,8.35,Credit card,6.9
10/9/2024,Member,Food & Beverages,7.86,Ewallet,6.5
10/9/2024,Normal,Fashion & Accs,22.01,Credit card,3
10/9/2024,Member,Food & Beverages,14.67,Cash,9.7
10/9/2024,Normal,Food & Beverages,11.28,Cash,9.2
10/9/2024,Normal,Food & Beverages,10.78,Cash,4.4
10/9/2024,Normal,Fashion & Accs,12.44,Credit card,5
10/9/2024,Normal,Health & Beauty,31.31,Ewallet,6.5
10/9/2024,Normal,Food & Beverages,14.52,Ewallet,9.1
10/9/2024,Member,Health & Beauty,39.56,Cash,9.7
10/9/2024,Normal,Food & Beverages,12.01,Credit card,4.8
10/9/2024,Member,Fashion & Accs,15.94,Ewallet,6.8
10/9/2024,Normal,Food & Beverages,11.63,Cash,8.5
10/9/2024,Normal,Health & Beauty,38.52,Cash,5.7
10/10/2024,Member,Health & Beauty,25.7,Ewallet,8
10/10/2024,Member,Electronics,87.08,Cash,4.1
10/10/2024,Normal,Home & Lifestyle,54.41,Credit card,7.1
10/10/2024,Normal,Health & Beauty,30.69,Ewallet,8.9
10/10/2024,Normal,Home & Lifestyle,45.82,Cash,9.7
10/10/2024,Normal,Sports & Travel,59.62,Ewallet,3.5
10/10/2024,Member,Food & Beverages,7.69,Cash,5.9
10/10/2024,Normal,Home & Lifestyle,68.66,Credit card,4.4
10/10/2024,Member,Sports & Travel,79.02,Credit card,6.1
10/10/2024,Normal,Food & Beverages,6.3,Credit card,6.7
10/10/2024,Normal,Home & Lifestyle,44.75,Credit card,3.6
10/10/2024,Normal,Fashion & Accs,18.33,Credit card,5
10/10/2024,Member,Food & Beverages,4.97,Cash,9.3
10/10/2024,Member,Home & Lifestyle,51.47,Ewallet,6.9
10/10/2024,Member,Home & Lifestyle,46.81,Credit card,6.1
10/10/2024,Normal,Food & Beverages,7.09,Credit card,8.1
10/10/2024,Member,Health & Beauty,38.82,Credit card,8
10/10/2024,Normal,Fashion & Accs,16.66,Ewallet,3.3
10/11/2024,Normal,Fashion & Accs,5.37,Ewallet,7.8
10/11/2024,Member,Food & Beverages,6.37,Credit card,8.7
10/11/2024,Normal,Food & Beverages,8.59,Ewallet,4.1
10/11/2024,Member,Home & Lifestyle,60.11,Ewallet,8.3
10/11/2024,Normal,Health & Beauty,36.75,Credit card,4.9
10/11/2024,Member,Sports & Travel,54.2,Ewallet,5.1
10/11/2024,Member,Food & Beverages,5.15,Ewallet,7.5
10/11/2024,Normal,Food & Beverages,8.68,Cash,3.8
10/11/2024,Member,Fashion & Accs,15.4,Ewallet,7.5
10/12/2024,Member,Sports & Travel,56.28,Ewallet,9
10/12/2024,Normal,Food & Beverages,8.16,Ewallet,7.7
10/12/2024,Normal,Fashion & Accs,8.05,Credit card,6
10/12/2024,Member,Food & Beverages,5.38,Cash,6
10/12/2024,Member,Health & Beauty,21.55,Credit card,8.2
10/12/2024,Normal,Food & Beverages,14.87,Ewallet,6.8
10/12/2024,Member,Sports & Travel,68.98,Ewallet,3.6
10/12/2024,Normal,Health & Beauty,16.8,Ewallet,7
10/12/2024,Normal,Food & Beverages,8.97,Credit card,8.5
10/12/2024,Member,Fashion & Accs,19.51,Cash,5.3
10/12/2024,Member,Fashion & Accs,14.22,Cash,9.3
10/12/2024,Member,Home & Lifestyle,65.16,Cash,8.1
10/12/2024,Normal,Food & Beverages,14.72,Credit card,6.9
10/13/2024,Member,Fashion & Accs,17.62,Cash,8.1
10/13/2024,Member,Food & Beverages,4.83,Cash,3.5
10/13/2024,Normal,Health & Beauty,35.55,Cash,8.8
10/13/2024,Member,Home & Lifestyle,65.76,Credit card,8.6
10/13/2024,Normal,Fashion & Accs,20.61,Cash,9.2
10/13/2024,Normal,Sports & Travel,60.93,Ewallet,3.9
10/13/2024,Normal,Fashion & Accs,21.61,Cash,3.6
10/13/2024,Member,Home & Lifestyle,43.69,Cash,3.9
10/13/2024,Member,Electronics,92.67,Ewallet,5.7
10/13/2024,Member,Food & Beverages,12.99,Credit card,5.9
10/13/2024,Member,Health & Beauty,27.6,Ewallet,6.8
10/13/2024,Normal,Health & Beauty,25.06,Credit card,3.8
10/14/2024,Normal,Food & Beverages,3.84,Ewallet,4.4
10/14/2024,Member,Sports & Travel,76.69,Ewallet,8.5
10/14/2024,Normal,Fashion & Accs,5.71,Ewallet,6.2
10/14/2024,Normal,Food & Beverages,9.17,Cash,8.5
10/14/2024,Member,Home & Lifestyle,64.88,Cash,3.1
10/14/2024,Member,Fashion & Accs,18.52,Credit card,6.8
10/14/2024,Normal,Food & Beverages,6.24,Ewallet,9.3
10/14/2024,Normal,Electronics,87.35,Ewallet,7
10/14/2024,Normal,Health & Beauty,37.53,Credit card,4.4
10/14/2024,Normal,Electronics,81.91,Credit card,7.9
10/14/2024,Member,Food & Beverages,4.19,Credit card,5.6
10/14/2024,Normal,Fashion & Accs,15.81,Credit card,7.5
10/14/2024,Normal,Food & Beverages,14.55,Cash,3.2
10/14/2024,Normal,Sports & Travel,66.4,Ewallet,7.3
10/14/2024,Normal,Health & Beauty,25.26,Cash,3.2
10/14/2024,Member,Health & Beauty,27.99,Ewallet,8.1
10/14/2024,Member,Health & Beauty,36.62,Cash,6.2
10/14/2024,Normal,Electronics,84.82,Credit card,3.8
10/15/2024,Normal,Fashion & Accs,20,Ewallet,6.7
10/15/2024,Normal,Fashion & Accs,11.96,Ewallet,3.5
10/15/2024,Normal,Home & Lifestyle,59.34,Ewallet,7.4
10/15/2024,Member,Electronics,81.3,Credit card,9.8
10/15/2024,Member,Electronics,91.9,Cash,8.2
10/15/2024,Normal,Electronics,92.39,Credit card,6.9
10/15/2024,Member,Sports & Travel,51.8,Ewallet,3.7
10/15/2024,Member,Home & Lifestyle,44.73,Credit card,7.8
10/15/2024,Normal,Health & Beauty,19.6,Cash,7.5
10/15/2024,Member,Food & Beverages,13.28,Cash,3.3
10/15/2024,Normal,Food & Beverages,13.47,Cash,8.4
10/15/2024,Member,Home & Lifestyle,40.54,Ewallet,6.5
10/15/2024,Normal,Home & Lifestyle,52.02,Cash,5.9
10/15/2024,Member,Health & Beauty,39.04,Credit card,8.4
10/15/2024,Normal,Health & Beauty,23.85,Credit card,5.8
10/15/2024,Normal,Home & Lifestyle,49.51,Cash,6.3
10/15/2024,Member,Health & Beauty,33.04,Ewallet,4.2
10/15/2024,Normal,Home & Lifestyle,66.69,Cash,5.2
10/16/2024,Normal,Food & Beverages,12,Ewallet,8.7
10/16/2024,Member,Health & Beauty,19.61,Credit card,4.3
10/16/2024,Normal,Health & Beauty,18.4,Ewallet,5.8
10/16/2024,Member,Food & Beverages,13.63,Credit card,9.7
10/16/2024,Member,Food & Beverages,9.99,Credit card,4.6
10/16/2024,Member,Food & Beverages,5.38,Cash,9.2
10/16/2024,Member,Food & Beverages,8.03,Cash,9.2
10/16/2024,Normal,Fashion & Accs,13.56,Cash,3.6
10/16/2024,Member,Health & Beauty,38.01,Credit card,6.2
10/16/2024,Member,Health & Beauty,27.95,Ewallet,6.4
10/16/2024,Normal,Food & Beverages,4.07,Credit card,5.1
10/16/2024,Normal,Food & Beverages,14.76,Credit card,3.3
10/16/2024,Normal,Home & Lifestyle,67.47,Cash,4.6
10/16/2024,Normal,Fashion & Accs,24.24,Cash,3.6
10/16/2024,Normal,Home & Lifestyle,42.02,Cash,4.6
10/17/2024,Member,Electronics,84.4,Ewallet,8.5
10/17/2024,Normal,Food & Beverages,3.45,Cash,9.1
10/17/2024,Normal,Food & Beverages,2.96,Ewallet,3.3
10/17/2024,Member,Fashion & Accs,21.58,Credit card,5.1
10/17/2024,Member,Home & Lifestyle,48.35,Ewallet,9.7
10/17/2024,Member,Fashion & Accs,11.55,Credit card,6.7
10/17/2024,Normal,Home & Lifestyle,65.32,Cash,7.3
10/17/2024,Normal,Fashion & Accs,14.12,Credit card,3
10/17/2024,Normal,Fashion & Accs,19.15,Ewallet,6.3
10/17/2024,Normal,Health & Beauty,30.33,Cash,9.7
10/17/2024,Normal,Fashion & Accs,12.63,Ewallet,5.6
10/17/2024,Normal,Food & Beverages,10.85,Ewallet,3.7
10/17/2024,Member,Electronics,98.58,Ewallet,6.1
10/18/2024,Normal,Food & Beverages,6.66,Cash,9.5
10/18/2024,Normal,Health & Beauty,16.4,Credit card,5.3
10/18/2024,Normal,Electronics,83.08,Cash,8.4
10/18/2024,Normal,Health & Beauty,15.44,Credit card,8.4
10/18/2024,Member,Home & Lifestyle,59.34,Credit card,4.4
10/18/2024,Member,Health & Beauty,39.32,Ewallet,6
10/18/2024,Member,Food & Beverages,11.05,Credit card,7.9
10/18/2024,Member,Food & Beverages,5.91,Credit card,5.8
10/19/2024,Member,Fashion & Accs,9.94,Cash,4.3
10/19/2024,Normal,Health & Beauty,28.7,Ewallet,9.6
10/19/2024,Normal,Fashion & Accs,24.7,Ewallet,7.4
10/19/2024,Normal,Health & Beauty,20.49,Ewallet,8.9
10/19/2024,Member,Health & Beauty,30.19,Ewallet,3.2
10/19/2024,Member,Food & Beverages,2.66,Credit card,4.8
10/19/2024,Normal,Food & Beverages,9.91,Credit card,6.4
10/19/2024,Normal,Sports & Travel,74.54,Cash,3.5
10/19/2024,Normal,Sports & Travel,51.04,Ewallet,9.8
10/19/2024,Member,Food & Beverages,6.08,Credit card,4.6
10/19/2024,Normal,Fashion & Accs,14.26,Cash,5.5
10/19/2024,Normal,Food & Beverages,4.95,Ewallet,4.5
10/19/2024,Normal,Sports & Travel,63.05,Cash,3.7
10/19/2024,Member,Fashion & Accs,12.73,Ewallet,4.6
10/19/2024,Member,Home & Lifestyle,69.95,Ewallet,5
10/19/2024,Normal,Food & Beverages,5.23,Credit card,7.3
10/19/2024,Normal,Food & Beverages,12.06,Ewallet,4.9
10/19/2024,Normal,Fashion & Accs,10.33,Credit card,5.5
10/19/2024,Member,Food & Beverages,9.54,Cash,3
10/19/2024,Normal,Sports & Travel,64.43,Ewallet,5.5
10/19/2024,Member,Fashion & Accs,10.13,Ewallet,6.6
10/20/2024,Member,Health & Beauty,30.77,Ewallet,4.1
10/20/2024,Normal,Fashion & Accs,7.85,Credit card,7.1
10/20/2024,Normal,Fashion & Accs,8.3,Credit card,5
10/20/2024,Normal,Fashion & Accs,16.57,Credit card,7.3
10/20/2024,Normal,Food & Beverages,7.75,Ewallet,3.2
10/20/2024,Normal,Health & Beauty,34.51,Cash,9
10/20/2024,Normal,Electronics,97.37,Cash,3.1
10/20/2024,Normal,Health & Beauty,21.33,Ewallet,3.9
10/20/2024,Normal,Health & Beauty,19.03,Credit card,8.3
10/20/2024,Member,Health & Beauty,28.47,Ewallet,3.3
10/21/2024,Member,Fashion & Accs,22.25,Credit card,7.8
10/21/2024,Normal,Home & Lifestyle,63.94,Ewallet,9.6
10/21/2024,Normal,Food & Beverages,9.37,Ewallet,8.9
10/21/2024,Member,Food & Beverages,13.83,Credit card,7.8
10/21/2024,Normal,Fashion & Accs,8.64,Ewallet,9.5
10/21/2024,Member,Food & Beverages,14.77,Credit card,5.9
10/21/2024,Normal,Food & Beverages,14.34,Cash,8.9
10/21/2024,Normal,Home & Lifestyle,59.16,Cash,5.4
10/21/2024,Normal,Sports & Travel,71.1,Cash,9.3
10/21/2024,Member,Sports & Travel,52.28,Ewallet,4
10/21/2024,Normal,Fashion & Accs,19.48,Cash,9.4
10/21/2024,Member,Food & Beverages,4.92,Cash,8.7
10/21/2024,Member,Fashion & Accs,20.55,Ewallet,8.8
10/21/2024,Normal,Home & Lifestyle,65.79,Cash,3.8
10/21/2024,Normal,Food & Beverages,8.54,Credit card,7.1
10/21/2024,Member,Food & Beverages,6.37,Cash,3.1
10/21/2024,Normal,Electronics,95.05,Credit card,7.9
10/21/2024,Normal,Food & Beverages,7.76,Ewallet,3.1
10/21/2024,Member,Food & Beverages,2.77,Cash,3.6
10/21/2024,Member,Home & Lifestyle,44.48,Credit card,4.5
10/22/2024,Normal,Health & Beauty,18.33,Credit card,9
10/22/2024,Member,Fashion & Accs,5.37,Cash,5.5
10/22/2024,Normal,Home & Lifestyle,44.98,Ewallet,6.7
10/22/2024,Member,Health & Beauty,39.86,Ewallet,6.9
10/22/2024,Member,Sports & Travel,64.94,Credit card,4.5
10/22/2024,Normal,Electronics,82.92,Ewallet,6.9
10/22/2024,Member,Sports & Travel,52.97,Cash,7.5
10/22/2024,Member,Health & Beauty,36.01,Credit card,5
10/22/2024,Member,Fashion & Accs,15.95,Ewallet,5.8
10/22/2024,Normal,Food & Beverages,6.95,Credit card,6.1
10/23/2024,Normal,Food & Beverages,13.85,Credit card,9.3
10/23/2024,Normal,Sports & Travel,63.15,Ewallet,7
10/23/2024,Member,Health & Beauty,30.54,Ewallet,9.4
10/23/2024,Normal,Sports & Travel,76.29,Ewallet,6.8
10/23/2024,Member,Health & Beauty,19.62,Ewallet,6.4
10/23/2024,Member,Home & Lifestyle,67.91,Cash,3
10/23/2024,Normal,Food & Beverages,10.28,Cash,6.3
10/23/2024,Member,Electronics,87.6,Credit card,9.3
10/24/2024,Member,Food & Beverages,5.05,Credit card,4.3
10/24/2024,Normal,Sports & Travel,50.97,Cash,3.4
10/24/2024,Normal,Fashion & Accs,23.84,Ewallet,5.8
10/24/2024,Member,Health & Beauty,25.38,Ewallet,5.5
10/24/2024,Member,Electronics,80.9,Cash,8.8
10/24/2024,Normal,Electronics,96.66,Ewallet,3.2
10/24/2024,Normal,Food & Beverages,7.98,Ewallet,9.3
10/24/2024,Member,Food & Beverages,10.22,Credit card,7.6
10/24/2024,Member,Food & Beverages,7.17,Credit card,9.1
10/24/2024,Normal,Fashion & Accs,8.28,Cash,7.1
10/24/2024,Normal,Sports & Travel,70.89,Ewallet,8.5
10/24/2024,Member,Food & Beverages,3.64,Credit card,5.3
10/24/2024,Normal,Home & Lifestyle,67.19,Credit card,5.4
10/24/2024,Normal,Health & Beauty,36.82,Credit card,5.7
10/24/2024,Member,Fashion & Accs,6.32,Ewallet,8.1
10/24/2024,Normal,Food & Beverages,3.53,Ewallet,5.5
10/24/2024,Member,Home & Lifestyle,66.71,Cash,4.6
10/24/2024,Normal,Health & Beauty,35.49,Credit card,9.4
10/25/2024,Normal,Sports & Travel,71.24,Credit card,9.2
10/25/2024,Member,Fashion & Accs,11.49,Ewallet,5.4
10/25/2024,Normal,Food & Beverages,2.21,Credit card,7.3
10/25/2024,Normal,Health & Beauty,19.13,Ewallet,4.9
10/25/2024,Member,Food & Beverages,3.5,Credit card,4.4
10/25/2024,Normal,Health & Beauty,38.08,Credit card,5.3
10/25/2024,Member,Health & Beauty,30.01,Cash,5.2
10/25/2024,Normal,Food & Beverages,7.9,Credit card,9
10/25/2024,Normal,Sports & Travel,79.59,Ewallet,8.6
10/25/2024,Normal,Health & Beauty,19.75,Credit card,7.8
10/25/2024,Member,Electronics,90.71,Cash,9.5
10/25/2024,Normal,Food & Beverages,14.08,Credit card,5.9
10/25/2024,Normal,Fashion & Accs,18.41,Cash,4.7
10/25/2024,Normal,Home & Lifestyle,62.84,Cash,3.8
10/25/2024,Member,Food & Beverages,13.46,Cash,5
10/25/2024,Normal,Electronics,80.69,Ewallet,4
10/25/2024,Normal,Fashion & Accs,12.19,Ewallet,3.6
10/25/2024,Normal,Health & Beauty,23.99,Ewallet,7.1
10/25/2024,Member,Health & Beauty,26.63,Ewallet,5.5
10/25/2024,Member,Food & Beverages,12.31,Ewallet,6.8
10/25/2024,Normal,Food & Beverages,7.31,Cash,4.3
10/25/2024,Member,Food & Beverages,3.05,Ewallet,7.6
10/26/2024,Normal,Sports & Travel,71.39,Ewallet,4.5
10/26/2024,Normal,Fashion & Accs,5.9,Ewallet,4.9
10/26/2024,Member,Sports & Travel,74.52,Ewallet,8
10/26/2024,Normal,Health & Beauty,30,Credit card,6.8
10/26/2024,Member,Fashion & Accs,12.38,Cash,5.3
10/26/2024,Member,Fashion & Accs,11.68,Ewallet,6.7
10/26/2024,Member,Home & Lifestyle,63.21,Cash,7.7
10/26/2024,Normal,Sports & Travel,53.55,Ewallet,9.2
10/26/2024,Member,Health & Beauty,29.89,Credit card,6.9
10/26/2024,Member,Electronics,95.34,Cash,4.6
10/26/2024,Member,Sports & Travel,50.08,Ewallet,8.1
10/27/2024,Normal,Home & Lifestyle,45.16,Credit card,8.3
10/27/2024,Normal,Home & Lifestyle,41.14,Credit card,4.4
10/27/2024,Normal,Home & Lifestyle,61.48,Credit card,8.6
10/27/2024,Member,Health & Beauty,27.26,Cash,6.2
10/27/2024,Member,Health & Beauty,24.31,Ewallet,8.3
10/27/2024,Normal,Fashion & Accs,12.6,Credit card,4.6
10/27/2024,Normal,Health & Beauty,24.72,Credit card,5.3
10/27/2024,Normal,Food & Beverages,4.31,Credit card,9.5
10/27/2024,Normal,Fashion & Accs,23.76,Ewallet,7.5
10/28/2024,Member,Food & Beverages,8.45,Cash,8.3
10/28/2024,Normal,Health & Beauty,16.25,Credit card,7.7
10/28/2024,Normal,Home & Lifestyle,56.99,Cash,4.4
10/28/2024,Normal,Home & Lifestyle,59.57,Credit card,6.2
10/28/2024,Normal,Food & Beverages,4.18,Cash,8.5
10/28/2024,Normal,Health & Beauty,34.58,Cash,7.6
10/28/2024,Member,Health & Beauty,16.62,Ewallet,3
10/28/2024,Member,Home & Lifestyle,48.11,Cash,3.6
10/28/2024,Member,Sports & Travel,55.77,Cash,5.4
10/28/2024,Normal,Food & Beverages,8.99,Ewallet,9.4
10/29/2024,Member,Food & Beverages,8.57,Ewallet,6.3
10/29/2024,Member,Electronics,87.14,Credit card,4.8
10/29/2024,Member,Home & Lifestyle,43.83,Cash,5.5
10/29/2024,Normal,Home & Lifestyle,68.41,Credit card,4.4
10/29/2024,Member,Fashion & Accs,17.21,Credit card,5.9
10/29/2024,Normal,Sports & Travel,76.8,Credit card,4.5
10/29/2024,Member,Food & Beverages,5.09,Cash,8.8
10/29/2024,Normal,Food & Beverages,14.95,Credit card,6.1
10/29/2024,Normal,Fashion & Accs,11.12,Ewallet,4.9
10/29/2024,Member,Fashion & Accs,7.91,Credit card,9.3
10/29/2024,Normal,Food & Beverages,11.71,Cash,5.1
10/29/2024,Member,Fashion & Accs,14,Cash,9.2
10/30/2024,Normal,Home & Lifestyle,44.42,Ewallet,3.3
10/30/2024,Member,Home & Lifestyle,53.82,Ewallet,7.8
10/30/2024,Normal,Sports & Travel,72.51,Cash,6.3
10/30/2024,Normal,Fashion & Accs,9.93,Credit card,6
10/30/2024,Member,Home & Lifestyle,61.52,Credit card,3.2
10/30/2024,Normal,Sports & Travel,74.08,Credit card,3.3
10/30/2024,Normal,Home & Lifestyle,48.09,Ewallet,5.3
10/30/2024,Member,Electronics,89,Credit card,9.4
10/30/2024,Member,Home & Lifestyle,69.38,Credit card,7.2
10/30/2024,Member,Health & Beauty,24.56,Ewallet,5.5
10/30/2024,Normal,Electronics,87.38,Ewallet,7.2
10/30/2024,Member,Food & Beverages,5.83,Credit card,4.4
10/31/2024,Normal,Home & Lifestyle,47.64,Ewallet,4.1
10/31/2024,Normal,Health & Beauty,15.96,Credit card,5.5
10/31/2024,Normal,Health & Beauty,16.47,Ewallet,8.9
10/31/2024,Member,Food & Beverages,12.67,Cash,6.5
10/31/2024,Member,Health & Beauty,33.01,Cash,5
10/31/2024,Member,Food & Beverages,13.28,Cash,9.5
10/31/2024,Normal,Home & Lifestyle,57.56,Credit card,8.5
10/31/2024,Normal,Sports & Travel,68.93,Ewallet,5.2
11/1/2024,Normal,Fashion & Accs,23.62,Credit card,9
11/1/2024,Normal,Home & Lifestyle,67.94,Credit card,3.5
11/1/2024,Normal,Health & Beauty,32.39,Cash,9.7
11/1/2024,Member,Food & Beverages,8.37,Cash,4.7
11/1/2024,Normal,Fashion & Accs,5.62,Ewallet,8.1
11/1/2024,Normal,Electronics,93.56,Ewallet,6.6
11/1/2024,Normal,Health & Beauty,21.07,Credit card,9.2
11/1/2024,Normal,Food & Beverages,4.97,Credit card,9
11/1/2024,Normal,Health & Beauty,39.64,Ewallet,3.6
11/1/2024,Normal,Food & Beverages,9.2,Cash,6.5
11/1/2024,Normal,Sports & Travel,62.68,Cash,5.3
11/1/2024,Normal,Home & Lifestyle,60.56,Credit card,4.4
11/1/2024,Normal,Fashion & Accs,19.12,Cash,5.5
11/1/2024,Member,Fashion & Accs,9.55,Ewallet,4.8
11/1/2024,Normal,Food & Beverages,3.32,Cash,8.2
11/1/2024,Normal,Food & Beverages,5.18,Ewallet,6.3
11/1/2024,Member,Food & Beverages,7.31,Cash,3.7
11/2/2024,Member,Food & Beverages,11.36,Ewallet,4.9
11/2/2024,Normal,Food & Beverages,14.22,Cash,8.4
11/2/2024,Member,Electronics,96.17,Credit card,6.5
11/2/2024,Member,Electronics,89.43,Credit card,6.1
11/2/2024,Member,Fashion & Accs,8.18,Credit card,4.7
11/2/2024,Member,Electronics,81.7,Ewallet,3.8
11/2/2024,Member,Electronics,90.89,Credit card,8.6
11/2/2024,Normal,Health & Beauty,16.09,Ewallet,5.2
11/2/2024,Member,Food & Beverages,4.57,Ewallet,4
11/2/2024,Member,Food & Beverages,14.97,Credit card,4.5
11/2/2024,Normal,Electronics,83.75,Cash,9.2
11/2/2024,Normal,Sports & Travel,57.14,Cash,3.3
11/2/2024,Member,Food & Beverages,5.75,Ewallet,5.6
11/2/2024,Normal,Sports & Travel,54.36,Ewallet,5.2
11/2/2024,Member,Sports & Travel,66.32,Ewallet,5.4
11/2/2024,Normal,Food & Beverages,7.48,Ewallet,9.3
11/2/2024,Normal,Sports & Travel,79.85,Ewallet,5.6
11/2/2024,Member,Food & Beverages,4.85,Credit card,9.1
11/2/2024,Normal,Health & Beauty,29.87,Cash,4
11/2/2024,Member,Home & Lifestyle,55.04,Ewallet,6.3
11/2/2024,Member,Fashion & Accs,20.91,Ewallet,9.3
11/3/2024,Normal,Food & Beverages,13.91,Credit card,8.4
11/3/2024,Normal,Health & Beauty,19.37,Ewallet,8.8
11/3/2024,Normal,Electronics,96.84,Cash,7.5
11/3/2024,Normal,Sports & Travel,55.86,Cash,4
11/3/2024,Normal,Home & Lifestyle,55.91,Credit card,3.8
11/3/2024,Normal,Food & Beverages,9.19,Ewallet,3.5
11/3/2024,Normal,Sports & Travel,73.29,Credit card,5.6
11/3/2024,Normal,Fashion & Accs,11.92,Ewallet,4
11/3/2024,Normal,Food & Beverages,3.53,Ewallet,6
11/3/2024,Member,Electronics,96.68,Cash,5.4
11/3/2024,Normal,Health & Beauty,16.07,Credit card,5.9
11/3/2024,Normal,Health & Beauty,29.73,Cash,8.4
11/3/2024,Normal,Fashion & Accs,21.88,Credit card,5.4
11/4/2024,Normal,Fashion & Accs,5.9,Ewallet,3.3
11/4/2024,Normal,Fashion & Accs,10.66,Ewallet,8.8
11/4/2024,Normal,Home & Lifestyle,63.26,Cash,7.2
11/4/2024,Normal,Fashion & Accs,13.64,Credit card,4
11/4/2024,Member,Sports & Travel,52.39,Cash,9.8
11/4/2024,Normal,Sports & Travel,53.93,Cash,5.9
11/4/2024,Normal,Food & Beverages,13.8,Cash,9.3
11/4/2024,Normal,Fashion & Accs,12.29,Cash,4.6
11/4/2024,Member,Sports & Travel,55.53,Credit card,6.5
11/4/2024,Member,Electronics,89.68,Ewallet,8
11/4/2024,Member,Food & Beverages,8.74,Ewallet,3.6
11/4/2024,Normal,Food & Beverages,8.32,Credit card,4.4
11/4/2024,Normal,Home & Lifestyle,45.66,Cash,6.8
11/4/2024,Member,Food & Beverages,10.83,Ewallet,3
11/4/2024,Normal,Electronics,86.24,Credit card,5.4
11/4/2024,Normal,Food & Beverages,14.13,Ewallet,8.8
11/4/2024,Normal,Fashion & Accs,9.2,Cash,3.6
11/4/2024,Normal,Food & Beverages,3.59,Credit card,3.9
11/4/2024,Member,Food & Beverages,6.64,Ewallet,8.6
11/4/2024,Normal,Health & Beauty,19.53,Cash,7.8
11/5/2024,Member,Health & Beauty,32.75,Credit card,6.5
11/5/2024,Normal,Food & Beverages,9.24,Cash,5.2
11/5/2024,Normal,Food & Beverages,5.76,Credit card,7.2
11/5/2024,Normal,Health & Beauty,26.96,Cash,8.6
11/5/2024,Normal,Fashion & Accs,5.1,Credit card,6.5
11/5/2024,Normal,Sports & Travel,62.61,Credit card,7.4
11/5/2024,Normal,Home & Lifestyle,65.87,Credit card,8.8
11/5/2024,Member,Home & Lifestyle,64.6,Cash,6.3
11/5/2024,Member,Health & Beauty,23.79,Credit card,7.9
11/5/2024,Member,Health & Beauty,26.14,Credit card,7.8
11/5/2024,Normal,Home & Lifestyle,59.52,Cash,8.3
11/5/2024,Normal,Food & Beverages,2.6,Ewallet,4.1
11/5/2024,Member,Sports & Travel,59.23,Credit card,3.7
11/5/2024,Member,Food & Beverages,5.85,Credit card,7.4
11/5/2024,Normal,Food & Beverages,2.16,Credit card,3.8
11/5/2024,Member,Health & Beauty,35.73,Credit card,6.7
11/5/2024,Member,Food & Beverages,6.33,Ewallet,5.9
11/5/2024,Normal,Electronics,83.14,Ewallet,8.1
11/5/2024,Normal,Fashion & Accs,8,Cash,3.1
11/5/2024,Normal,Health & Beauty,26.45,Credit card,8.8
11/5/2024,Normal,Food & Beverages,6.87,Cash,8.3
11/5/2024,Member,Health & Beauty,16.47,Cash,4.6
11/5/2024,Normal,Food & Beverages,14.18,Cash,8.9
11/6/2024,Normal,Health & Beauty,38.75,Credit card,6
11/6/2024,Member,Food & Beverages,2.21,Ewallet,4.3
11/6/2024,Member,Food & Beverages,9.17,Ewallet,9.3
11/6/2024,Member,Food & Beverages,13.66,Cash,4
11/6/2024,Member,Fashion & Accs,24.72,Credit card,6.8
11/6/2024,Normal,Health & Beauty,16.68,Cash,9.4
11/6/2024,Normal,Food & Beverages,3.99,Ewallet,4.9
11/6/2024,Member,Electronics,80.64,Cash,7.6
11/6/2024,Normal,Food & Beverages,7.45,Ewallet,5
11/6/2024,Member,Sports & Travel,57.73,Credit card,9.4
11/6/2024,Normal,Fashion & Accs,13.43,Cash,7.7
11/6/2024,Member,Sports & Travel,53.82,Credit card,8
11/6/2024,Normal,Home & Lifestyle,59.37,Credit card,9.2
11/6/2024,Normal,Fashion & Accs,14.29,Cash,3.7
11/6/2024,Member,Home & Lifestyle,53.9,Ewallet,6.2
11/6/2024,Normal,Home & Lifestyle,54.97,Ewallet,3.1
11/6/2024,Member,Home & Lifestyle,50.83,Credit card,4.9
11/6/2024,Member,Fashion & Accs,17.72,Cash,8.3
11/6/2024,Normal,Food & Beverages,4.7,Credit card,4.7
11/7/2024,Normal,Health & Beauty,38.81,Ewallet,5.1
11/7/2024,Normal,Fashion & Accs,7.88,Ewallet,3.2
11/7/2024,Member,Food & Beverages,7.92,Ewallet,6.7
11/7/2024,Member,Electronics,92.68,Cash,4.8
11/7/2024,Member,Health & Beauty,29.59,Credit card,4.2
11/7/2024,Normal,Food & Beverages,11.35,Ewallet,8.9
11/7/2024,Normal,Home & Lifestyle,68.34,Cash,4.1
11/7/2024,Member,Food & Beverages,11.18,Ewallet,4.7
11/7/2024,Member,Fashion & Accs,10.51,Credit card,7.5
11/7/2024,Normal,Electronics,90.33,Cash,3.2
11/7/2024,Member,Health & Beauty,33.45,Credit card,9.5
11/7/2024,Normal,Food & Beverages,2.12,Credit card,9.1
11/7/2024,Normal,Fashion & Accs,20.86,Cash,3.8
11/7/2024,Normal,Health & Beauty,24.16,Credit card,7.9
11/7/2024,Member,Sports & Travel,59.02,Cash,9.5
11/7/2024,Member,Food & Beverages,4.13,Cash,6.4
11/8/2024,Normal,Sports & Travel,72.81,Cash,9.4
11/8/2024,Member,Health & Beauty,21.29,Ewallet,6.4
11/8/2024,Member,Food & Beverages,7.1,Cash,6.8
11/8/2024,Normal,Electronics,93.36,Credit card,6.4
11/8/2024,Member,Fashion & Accs,6.49,Credit card,8.7
11/8/2024,Member,Electronics,92.18,Cash,3.8
11/8/2024,Normal,Food & Beverages,6.25,Ewallet,3.5
11/8/2024,Normal,Food & Beverages,7.14,Ewallet,6
11/8/2024,Member,Sports & Travel,74.83,Cash,5
11/8/2024,Member,Food & Beverages,12.62,Ewallet,8.7
11/8/2024,Member,Home & Lifestyle,68.58,Ewallet,7.6
11/8/2024,Member,Food & Beverages,11.7,Ewallet,8.4
11/8/2024,Normal,Electronics,86.56,Credit card,3.5
11/8/2024,Normal,Food & Beverages,7.31,Credit card,7.5
11/8/2024,Normal,Food & Beverages,7.89,Ewallet,4.5
11/8/2024,Member,Fashion & Accs,21.72,Cash,5.4
11/8/2024,Normal,Food & Beverages,10.22,Ewallet,7
11/8/2024,Normal,Food & Beverages,8.25,Credit card,6.4
11/8/2024,Normal,Electronics,82.85,Credit card,8.4
11/8/2024,Member,Food & Beverages,14.98,Credit card,6.2
11/8/2024,Normal,Fashion & Accs,24.29,Credit card,5
11/8/2024,Normal,Health & Beauty,36.9,Cash,6.2
11/8/2024,Normal,Home & Lifestyle,44.31,Credit card,8.2
11/9/2024,Normal,Fashion & Accs,18.94,Cash,8.3
11/9/2024,Normal,Health & Beauty,18.31,Cash,4.5
11/9/2024,Member,Home & Lifestyle,51.86,Cash,5.2
11/9/2024,Normal,Food & Beverages,6.39,Ewallet,6.2
11/9/2024,Normal,Food & Beverages,6.58,Cash,3.1
11/9/2024,Normal,Home & Lifestyle,57.41,Credit card,7.7
11/9/2024,Normal,Health & Beauty,24.57,Cash,9.8
11/9/2024,Normal,Food & Beverages,12.89,Cash,8.9
11/9/2024,Member,Fashion & Accs,14.57,Ewallet,4.6
11/9/2024,Normal,Food & Beverages,12.14,Credit card,9.4
11/9/2024,Normal,Electronics,80.91,Credit card,6.9
11/9/2024,Member,Food & Beverages,11.26,Cash,8.9
11/9/2024,Normal,Food & Beverages,4.26,Ewallet,6
11/9/2024,Normal,Home & Lifestyle,46.82,Cash,8.4
11/9/2024,Normal,Food & Beverages,13.85,Credit card,5.2
11/9/2024,Member,Home & Lifestyle,49.03,Cash,5.5
11/9/2024,Member,Sports & Travel,61.62,Ewallet,4.6
11/9/2024,Normal,Food & Beverages,3.81,Credit card,9.4
11/9/2024,Normal,Food & Beverages,8.69,Cash,7.2
11/9/2024,Member,Sports & Travel,58.51,Ewallet,5
11/9/2024,Normal,Food & Beverages,2.56,Cash,8
11/9/2024,Member,Food & Beverages,2.4,Credit card,5.1
11/10/2024,Normal,Electronics,80.79,Credit card,3.3
11/10/2024,Normal,Food & Beverages,2.42,Cash,7.6
11/10/2024,Normal,Food & Beverages,7.83,Ewallet,3.9
11/10/2024,Member,Sports & Travel,51.78,Credit card,3.3
11/10/2024,Member,Health & Beauty,27.19,Credit card,8.4
11/10/2024,Member,Food & Beverages,8.29,Ewallet,3.2
11/10/2024,Normal,Health & Beauty,17.85,Cash,5.4
11/10/2024,Member,Food & Beverages,10.98,Credit card,9.4
11/10/2024,Member,Home & Lifestyle,66.12,Ewallet,4.2
11/10/2024,Normal,Food & Beverages,12.12,Ewallet,8.4
11/10/2024,Normal,Home & Lifestyle,62.21,Cash,3.5
11/10/2024,Normal,Health & Beauty,29.19,Credit card,8.3
11/10/2024,Member,Home & Lifestyle,54.08,Ewallet,8.6
11/10/2024,Member,Home & Lifestyle,67.54,Ewallet,8.9
11/10/2024,Member,Food & Beverages,6.83,Cash,9.8
11/10/2024,Member,Home & Lifestyle,55.07,Credit card,7.6
11/10/2024,Normal,Food & Beverages,12.72,Ewallet,4.4
11/10/2024,Normal,Food & Beverages,2.1,Ewallet,3.6
11/10/2024,Normal,Electronics,96.1,Credit card,7.9
11/10/2024,Member,Food & Beverages,2.33,Cash,4.5
11/10/2024,Normal,Food & Beverages,6.61,Credit card,6.9
11/10/2024,Member,Health & Beauty,15.31,Ewallet,8.4
11/11/2024,Normal,Sports & Travel,54.99,Ewallet,5.4
11/11/2024,Member,Home & Lifestyle,68.33,Cash,7.1
11/11/2024,Normal,Food & Beverages,10.94,Cash,9.7
11/11/2024,Member,Health & Beauty,16.22,Ewallet,4.2
11/11/2024,Normal,Fashion & Accs,6.3,Credit card,8.4
11/11/2024,Member,Sports & Travel,69.02,Credit card,8.8
11/11/2024,Member,Electronics,93.85,Credit card,5.7
11/11/2024,Normal,Home & Lifestyle,67.65,Cash,9.4
11/11/2024,Member,Health & Beauty,39.71,Cash,6.9
11/11/2024,Normal,Home & Lifestyle,61.14,Credit card,7.3
11/11/2024,Normal,Sports & Travel,52.9,Credit card,5.9
11/11/2024,Normal,Food & Beverages,2.26,Ewallet,5
11/11/2024,Normal,Fashion & Accs,15.86,Ewallet,5.6
11/11/2024,Member,Food & Beverages,7.76,Ewallet,7.8
11/11/2024,Member,Food & Beverages,3.34,Ewallet,9.6
11/11/2024,Normal,Food & Beverages,6.76,Credit card,5.3
11/11/2024,Member,Fashion & Accs,23.3,Cash,7.9
11/11/2024,Normal,Home & Lifestyle,52.99,Ewallet,8.7
11/11/2024,Normal,Electronics,97.51,Cash,9
11/11/2024,Normal,Food & Beverages,12.1,Ewallet,6.7
11/11/2024,Member,Fashion & Accs,14.74,Cash,9.1
11/11/2024,Normal,Food & Beverages,6.21,Credit card,8.3
11/11/2024,Member,Fashion & Accs,5.94,Ewallet,7.7
11/12/2024,Member,Food & Beverages,4.48,Cash,5.3
11/12/2024,Normal,Food & Beverages,11.67,Ewallet,8.9
11/12/2024,Normal,Sports & Travel,67.8,Cash,8.8
11/12/2024,Normal,Health & Beauty,18.8,Cash,3.6
11/12/2024,Normal,Sports & Travel,51.89,Ewallet,9
11/12/2024,Member,Fashion & Accs,13.55,Ewallet,3.3
11/12/2024,Normal,Sports & Travel,67.28,Cash,5.9
11/12/2024,Member,Food & Beverages,9.41,Cash,7.2
11/12/2024,Normal,Home & Lifestyle,40.58,Credit card,7.2
11/12/2024,Normal,Food & Beverages,2.41,Cash,6.5
11/12/2024,Normal,Food & Beverages,13.35,Credit card,6.7
11/12/2024,Normal,Food & Beverages,6.65,Ewallet,8.4
11/12/2024,Normal,Health & Beauty,30.78,Ewallet,9.6
11/12/2024,Member,Food & Beverages,14.43,Cash,3.7
11/12/2024,Normal,Fashion & Accs,20.07,Credit card,4.1
11/12/2024,Normal,Food & Beverages,2.05,Ewallet,8.1
11/13/2024,Member,Health & Beauty,17.77,Ewallet,9.3
11/13/2024,Member,Fashion & Accs,13.56,Ewallet,3.6
11/13/2024,Normal,Home & Lifestyle,48.83,Ewallet,6.7
11/13/2024,Member,Home & Lifestyle,61.09,Cash,3.5
11/13/2024,Member,Fashion & Accs,16.95,Credit card,9.4
11/13/2024,Normal,Food & Beverages,11.38,Ewallet,9.6
11/13/2024,Member,Health & Beauty,25.64,Cash,6.4
11/13/2024,Member,Home & Lifestyle,52.83,Cash,6.6
11/13/2024,Normal,Health & Beauty,20.52,Cash,9.3
11/14/2024,Normal,Fashion & Accs,6.95,Credit card,8.7
11/14/2024,Normal,Health & Beauty,21.75,Cash,6.6
11/14/2024,Normal,Health & Beauty,29.92,Cash,3.6
11/14/2024,Normal,Health & Beauty,27.18,Credit card,6.2
11/14/2024,Normal,Health & Beauty,30.75,Cash,4.1
11/14/2024,Normal,Health & Beauty,38.08,Ewallet,8.4
11/14/2024,Member,Home & Lifestyle,49.26,Cash,3.7
11/14/2024,Member,Food & Beverages,12.05,Ewallet,9.6
11/14/2024,Normal,Food & Beverages,13.26,Ewallet,5.9
11/14/2024,Normal,Electronics,85.21,Cash,4.3
11/14/2024,Normal,Health & Beauty,38.74,Credit card,5.9
11/14/2024,Member,Home & Lifestyle,53,Ewallet,4.8
11/14/2024,Member,Food & Beverages,12.82,Credit card,3.4
11/14/2024,Member,Sports & Travel,72.6,Ewallet,5.4
11/14/2024,Member,Health & Beauty,34.87,Cash,4.1
11/14/2024,Normal,Health & Beauty,25.27,Cash,6.3
11/14/2024,Normal,Health & Beauty,19.81,Ewallet,6.1
11/14/2024,Member,Home & Lifestyle,48.11,Credit card,3.1
11/14/2024,Member,Sports & Travel,52.45,Credit card,8.9
11/14/2024,Normal,Food & Beverages,8.78,Credit card,7.8
11/14/2024,Normal,Food & Beverages,7.53,Ewallet,4.4
11/14/2024,Normal,Health & Beauty,28.82,Cash,5.2
11/14/2024,Normal,Fashion & Accs,16.74,Ewallet,6.5
11/14/2024,Member,Food & Beverages,4.29,Cash,3.8
11/14/2024,Normal,Home & Lifestyle,48.15,Cash,8.8
11/15/2024,Normal,Electronics,93.73,Credit card,8.5
11/15/2024,Member,Sports & Travel,57.18,Ewallet,3.3
11/15/2024,Member,Home & Lifestyle,66.27,Cash,4.9
11/15/2024,Normal,Home & Lifestyle,52.86,Credit card,4.9
11/15/2024,Normal,Health & Beauty,37.37,Credit card,8
11/15/2024,Normal,Home & Lifestyle,63.28,Ewallet,5
11/15/2024,Normal,Sports & Travel,55.4,Ewallet,9.7
11/15/2024,Member,Electronics,95.85,Credit card,5.4
11/15/2024,Normal,Health & Beauty,16.23,Credit card,7.3
11/15/2024,Normal,Food & Beverages,7.67,Cash,9.2
11/15/2024,Normal,Health & Beauty,23.4,Credit card,6.8
11/15/2024,Normal,Food & Beverages,12.61,Cash,5.6
11/15/2024,Normal,Home & Lifestyle,40.74,Ewallet,8.5
11/15/2024,Normal,Fashion & Accs,22.85,Cash,5.9
11/15/2024,Normal,Sports & Travel,70.2,Ewallet,5.3
11/15/2024,Member,Sports & Travel,79.64,Ewallet,7.7
11/15/2024,Member,Fashion & Accs,19.76,Ewallet,3.8
11/16/2024,Member,Food & Beverages,14.36,Ewallet,5.7
11/16/2024,Member,Food & Beverages,7.33,Ewallet,4.1
11/16/2024,Normal,Home & Lifestyle,48.96,Credit card,5.1
11/16/2024,Normal,Fashion & Accs,10.08,Credit card,3.3
11/16/2024,Member,Home & Lifestyle,58.57,Credit card,9.3
11/16/2024,Member,Sports & Travel,63.19,Credit card,4.9
11/16/2024,Member,Food & Beverages,6.62,Ewallet,7.7
11/16/2024,Member,Food & Beverages,10.24,Cash,5.1
11/16/2024,Normal,Home & Lifestyle,66.24,Ewallet,7.3
11/16/2024,Member,Fashion & Accs,14.1,Ewallet,8.2
11/16/2024,Normal,Fashion & Accs,22.67,Ewallet,6
11/16/2024,Member,Home & Lifestyle,51.14,Ewallet,4.8
11/16/2024,Member,Home & Lifestyle,63.17,Credit card,8.9
11/16/2024,Member,Home & Lifestyle,56.34,Ewallet,9.5
11/16/2024,Normal,Food & Beverages,14.48,Ewallet,4.3
11/16/2024,Member,Home & Lifestyle,50.54,Credit card,7.7
11/16/2024,Member,Fashion & Accs,13.31,Cash,3.5
11/16/2024,Normal,Sports & Travel,69.08,Ewallet,3.8
11/16/2024,Normal,Food & Beverages,6.33,Ewallet,8.1
11/16/2024,Normal,Sports & Travel,74.18,Cash,7.1
11/16/2024,Member,Food & Beverages,13.31,Ewallet,8.1
11/16/2024,Normal,Food & Beverages,11.45,Cash,4.5
11/17/2024,Member,Food & Beverages,8.29,Cash,3.5
11/17/2024,Normal,Food & Beverages,5.6,Credit card,8.7
11/17/2024,Normal,Home & Lifestyle,48.68,Cash,4.1
11/17/2024,Member,Home & Lifestyle,65.95,Credit card,5.9
11/17/2024,Normal,Health & Beauty,38.7,Credit card,5.2
11/17/2024,Normal,Food & Beverages,10.5,Ewallet,4.4
11/17/2024,Normal,Home & Lifestyle,48.15,Ewallet,5.5
11/17/2024,Member,Home & Lifestyle,58.93,Credit card,6.5
11/17/2024,Normal,Food & Beverages,8.59,Ewallet,8.7
11/17/2024,Normal,Fashion & Accs,19.95,Cash,6.3
11/18/2024,Normal,Fashion & Accs,11.37,Cash,3.3
11/18/2024,Normal,Sports & Travel,72.3,Cash,3.5
11/18/2024,Member,Fashion & Accs,13.81,Credit card,7.3
11/18/2024,Member,Food & Beverages,3.39,Credit card,6.5
11/18/2024,Member,Sports & Travel,62.49,Ewallet,3.6
11/18/2024,Normal,Health & Beauty,34.55,Credit card,3.6
11/18/2024,Normal,Food & Beverages,9.77,Cash,8.4
11/18/2024,Normal,Health & Beauty,20.29,Cash,3.2
11/18/2024,Normal,Sports & Travel,50.23,Ewallet,7.2
11/18/2024,Member,Home & Lifestyle,51.94,Credit card,4.1
11/18/2024,Member,Electronics,91.16,Credit card,6.8
11/18/2024,Member,Health & Beauty,24.27,Credit card,7.5
11/18/2024,Normal,Food & Beverages,12.54,Credit card,8.7
11/18/2024,Member,Home & Lifestyle,49.17,Credit card,3.1
11/18/2024,Member,Sports & Travel,75.63,Ewallet,4.4
11/18/2024,Normal,Food & Beverages,10.61,Credit card,8.5
11/18/2024,Member,Health & Beauty,24.99,Ewallet,4
11/18/2024,Normal,Health & Beauty,27.71,Ewallet,4.3
11/18/2024,Normal,Food & Beverages,14.59,Credit card,8.2
11/18/2024,Normal,Home & Lifestyle,62.19,Credit card,8
11/18/2024,Normal,Food & Beverages,13.28,Ewallet,6.3
11/19/2024,Normal,Food & Beverages,7.82,Credit card,3.3
11/19/2024,Member,Electronics,95.49,Credit card,7.4
11/19/2024,Member,Home & Lifestyle,61.33,Cash,9.1
11/19/2024,Normal,Health & Beauty,33.93,Cash,4.9
11/19/2024,Member,Food & Beverages,11.25,Ewallet,7.7
11/19/2024,Normal,Health & Beauty,32.66,Credit card,4.5
11/19/2024,Normal,Fashion & Accs,15.41,Credit card,4.8
11/19/2024,Normal,Electronics,84.38,Ewallet,5.7
11/19/2024,Normal,Home & Lifestyle,47.31,Ewallet,6.2
11/19/2024,Member,Food & Beverages,12.66,Ewallet,5.1
11/19/2024,Normal,Home & Lifestyle,69.47,Ewallet,7
11/19/2024,Normal,Home & Lifestyle,46.65,Credit card,8.9
11/19/2024,Normal,Home & Lifestyle,56.29,Credit card,8.8
11/19/2024,Normal,Fashion & Accs,5.93,Ewallet,8.5
11/19/2024,Normal,Health & Beauty,23.02,Cash,8.3
11/19/2024,Normal,Food & Beverages,9.21,Ewallet,4.4
11/19/2024,Normal,Fashion & Accs,11.99,Cash,5.9
11/19/2024,Normal,Sports & Travel,57.17,Cash,4.7
11/19/2024,Normal,Home & Lifestyle,59.61,Ewallet,5.7
11/19/2024,Normal,Sports & Travel,79.48,Ewallet,3.5
11/19/2024,Normal,Food & Beverages,11.6,Ewallet,3.5
11/19/2024,Normal,Food & Beverages,9.89,Credit card,5.1
11/19/2024,Member,Home & Lifestyle,62.18,Credit card,9.2
11/19/2024,Member,Fashion & Accs,12.25,Credit card,7
11/20/2024,Member,Electronics,97.95,Credit card,9.5
11/20/2024,Member,Sports & Travel,76.4,Credit card,9.1
11/20/2024,Normal,Food & Beverages,13.41,Ewallet,4.4
11/20/2024,Normal,Food & Beverages,12.65,Cash,5.6
11/20/2024,Normal,Food & Beverages,13.33,Ewallet,7.2
11/20/2024,Normal,Food & Beverages,14.61,Cash,6.6
11/20/2024,Normal,Sports & Travel,57.16,Cash,7.5
11/20/2024,Normal,Food & Beverages,7.41,Credit card,8.4
11/20/2024,Member,Home & Lifestyle,66.79,Ewallet,7.3
11/20/2024,Normal,Home & Lifestyle,66.71,Credit card,3.4
11/20/2024,Normal,Fashion & Accs,8.22,Credit card,8.4
11/20/2024,Normal,Food & Beverages,4.08,Cash,4.8
11/20/2024,Member,Home & Lifestyle,58.38,Ewallet,3.5
11/20/2024,Member,Food & Beverages,5.76,Credit card,6.7
11/20/2024,Member,Food & Beverages,14.09,Ewallet,8.4
11/21/2024,Normal,Food & Beverages,3.66,Credit card,7.3
11/21/2024,Normal,Health & Beauty,18.81,Cash,4.3
11/21/2024,Normal,Food & Beverages,6.36,Ewallet,4.5
11/21/2024,Normal,Home & Lifestyle,53.3,Ewallet,9.8
11/21/2024,Normal,Health & Beauty,25.21,Credit card,9.1
11/21/2024,Normal,Fashion & Accs,22.8,Cash,7.1
11/21/2024,Member,Food & Beverages,6.2,Credit card,6.3
11/21/2024,Normal,Fashion & Accs,10.56,Ewallet,7.3
11/21/2024,Normal,Health & Beauty,27.04,Cash,4.7
11/21/2024,Normal,Fashion & Accs,7.73,Ewallet,6.7
11/21/2024,Normal,Sports & Travel,66.94,Credit card,8.3
11/22/2024,Normal,Food & Beverages,6.33,Cash,4.9
11/22/2024,Normal,Food & Beverages,7.59,Cash,8.1
11/22/2024,Normal,Health & Beauty,29.39,Credit card,7.3
11/22/2024,Normal,Health & Beauty,25.34,Cash,3.6
11/22/2024,Member,Food & Beverages,10.96,Credit card,7.9
11/22/2024,Member,Electronics,90.64,Ewallet,7.5
11/22/2024,Normal,Electronics,95.01,Ewallet,8.9
11/22/2024,Normal,Electronics,94.39,Credit card,3.4
11/22/2024,Normal,Home & Lifestyle,46.12,Credit card,6.8
11/22/2024,Normal,Fashion & Accs,17.61,Cash,3.7
11/22/2024,Member,Health & Beauty,21.38,Credit card,6.4
11/22/2024,Member,Sports & Travel,54.96,Credit card,6.5
11/22/2024,Normal,Home & Lifestyle,62.77,Credit card,5.5
11/22/2024,Normal,Fashion & Accs,9.86,Credit card,4.5
11/22/2024,Member,Food & Beverages,10.49,Cash,5
11/22/2024,Member,Health & Beauty,28.31,Cash,7.3
11/23/2024,Normal,Health & Beauty,17.8,Credit card,4.8
11/23/2024,Normal,Health & Beauty,28.75,Cash,8
11/23/2024,Member,Health & Beauty,33.07,Credit card,6.5
11/23/2024,Normal,Home & Lifestyle,42.82,Credit card,5.7
11/23/2024,Normal,Food & Beverages,4.6,Ewallet,6.4
11/23/2024,Normal,Home & Lifestyle,51.01,Cash,8.1
11/23/2024,Normal,Food & Beverages,5.88,Credit card,8.7
11/23/2024,Member,Home & Lifestyle,55.31,Cash,5.2
11/23/2024,Normal,Home & Lifestyle,48.24,Cash,5.2
11/23/2024,Normal,Health & Beauty,17.65,Credit card,3
11/23/2024,Normal,Health & Beauty,33.48,Ewallet,6.6
11/23/2024,Member,Food & Beverages,5.6,Cash,9.3
11/23/2024,Normal,Food & Beverages,5.78,Ewallet,4.9
11/23/2024,Member,Health & Beauty,28.06,Credit card,6.1
11/23/2024,Member,Food & Beverages,11.09,Cash,6.8
11/24/2024,Member,Health & Beauty,35.56,Credit card,9.3
11/24/2024,Member,Fashion & Accs,19.35,Cash,3.6
11/24/2024,Normal,Food & Beverages,7.14,Credit card,4.2
11/24/2024,Normal,Health & Beauty,26.87,Ewallet,6.4
11/24/2024,Normal,Food & Beverages,13.3,Ewallet,7
11/24/2024,Member,Home & Lifestyle,69.85,Ewallet,4.2
11/24/2024,Member,Electronics,90.37,Ewallet,8.7
11/24/2024,Member,Home & Lifestyle,68.5,Credit card,9.7
11/24/2024,Normal,Sports & Travel,71.65,Credit card,6.4
11/24/2024,Normal,Food & Beverages,9.85,Credit card,8.6
11/24/2024,Normal,Fashion & Accs,17.35,Ewallet,3.8
11/24/2024,Normal,Home & Lifestyle,56.25,Credit card,3.3
11/24/2024,Normal,Fashion & Accs,12.64,Ewallet,3.4
11/24/2024,Normal,Food & Beverages,6.1,Ewallet,9.3
11/24/2024,Normal,Health & Beauty,36.45,Ewallet,3.4
11/24/2024,Normal,Home & Lifestyle,66.25,Ewallet,5.1
11/24/2024,Normal,Sports & Travel,63.49,Credit card,9.3
11/24/2024,Normal,Food & Beverages,3.88,Credit card,5.2
11/24/2024,Normal,Food & Beverages,3.07,Credit card,6.9
11/24/2024,Normal,Home & Lifestyle,42.63,Ewallet,8
11/25/2024,Normal,Food & Beverages,9.05,Credit card,8.9
11/25/2024,Normal,Electronics,83.84,Cash,8.3
11/25/2024,Normal,Food & Beverages,7.46,Credit card,3.2
11/25/2024,Member,Food & Beverages,8.23,Ewallet,3.5
11/25/2024,Member,Sports & Travel,70.83,Credit card,8.5
11/25/2024,Normal,Fashion & Accs,20.91,Cash,8.1
11/25/2024,Normal,Fashion & Accs,24.18,Ewallet,5.6
11/25/2024,Normal,Fashion & Accs,17.35,Cash,3.5
11/25/2024,Normal,Food & Beverages,12.35,Cash,8.5
11/25/2024,Normal,Food & Beverages,5.46,Cash,9.4
11/25/2024,Member,Food & Beverages,7.78,Credit card,8.6
11/25/2024,Normal,Home & Lifestyle,64.18,Credit card,5.9
11/25/2024,Member,Fashion & Accs,12.12,Cash,8.9
11/25/2024,Member,Food & Beverages,3.36,Cash,4
11/25/2024,Member,Food & Beverages,12.83,Credit card,9.7
11/25/2024,Member,Sports & Travel,62.86,Credit card,5
11/25/2024,Member,Food & Beverages,8.95,Cash,5.6
11/25/2024,Member,Fashion & Accs,14.6,Cash,4.3
11/25/2024,Member,Health & Beauty,35.25,Cash,3.9
11/25/2024,Normal,Food & Beverages,9.07,Credit card,5.1
11/25/2024,Member,Food & Beverages,8.98,Cash,8.1
11/25/2024,Member,Home & Lifestyle,46.1,Credit card,3.8
11/26/2024,Normal,Home & Lifestyle,40.16,Credit card,9.5
11/26/2024,Member,Fashion & Accs,23.71,Ewallet,7.1
11/26/2024,Normal,Home & Lifestyle,65.95,Cash,5.1
11/26/2024,Normal,Electronics,93.98,Credit card,7.4
11/26/2024,Normal,Fashion & Accs,8.56,Ewallet,9.3
11/26/2024,Normal,Health & Beauty,34.49,Credit card,3.9
11/26/2024,Member,Food & Beverages,9.7,Credit card,7.6
11/26/2024,Normal,Electronics,85.77,Ewallet,4.6
11/26/2024,Normal,Home & Lifestyle,47.88,Cash,6.5
11/26/2024,Member,Electronics,92.05,Ewallet,3.9
11/26/2024,Member,Electronics,82.13,Ewallet,8
11/26/2024,Member,Fashion & Accs,15.55,Ewallet,7.1
11/26/2024,Normal,Food & Beverages,14.05,Cash,9.4
11/26/2024,Normal,Health & Beauty,17.78,Cash,8.1
11/26/2024,Member,Health & Beauty,32.6,Cash,7.1
11/26/2024,Member,Home & Lifestyle,40.75,Ewallet,3
11/26/2024,Member,Home & Lifestyle,63.98,Cash,3.8
11/26/2024,Member,Sports & Travel,77.27,Cash,9.1
11/26/2024,Member,Sports & Travel,56.49,Cash,6.7
11/26/2024,Normal,Food & Beverages,10.71,Cash,9.2
11/26/2024,Normal,Fashion & Accs,12.13,Credit card,4.3
11/26/2024,Member,Fashion & Accs,22.96,Ewallet,5.2
11/26/2024,Member,Food & Beverages,10.98,Credit card,6
11/26/2024,Normal,Health & Beauty,34.86,Cash,8.8
11/26/2024,Member,Food & Beverages,3.85,Cash,4.7
11/27/2024,Normal,Food & Beverages,8.12,Cash,3.8
11/27/2024,Normal,Health & Beauty,17.85,Ewallet,9.5
11/27/2024,Member,Sports & Travel,66.09,Cash,8.6
11/27/2024,Member,Food & Beverages,13.46,Ewallet,3
11/27/2024,Normal,Food & Beverages,9.65,Ewallet,3.6
11/27/2024,Normal,Food & Beverages,8.82,Credit card,6.4
11/27/2024,Member,Food & Beverages,9.86,Ewallet,3.6
11/27/2024,Member,Home & Lifestyle,56.38,Ewallet,3.5
11/27/2024,Normal,Sports & Travel,68.63,Cash,3.3
11/27/2024,Member,Home & Lifestyle,52.94,Cash,6.4
11/27/2024,Normal,Electronics,92.65,Credit card,6.8
11/27/2024,Member,Food & Beverages,2.4,Ewallet,5
11/27/2024,Normal,Food & Beverages,2.79,Ewallet,3.9
11/27/2024,Member,Fashion & Accs,9.96,Credit card,5.7
11/27/2024,Member,Home & Lifestyle,49.95,Cash,6.2
11/27/2024,Normal,Food & Beverages,2.12,Credit card,3.3
11/27/2024,Member,Electronics,94.87,Credit card,6.5
11/27/2024,Normal,Fashion & Accs,11.1,Cash,8.8
11/27/2024,Normal,Health & Beauty,19.03,Ewallet,5.6
11/28/2024,Normal,Fashion & Accs,13.11,Ewallet,8.5
11/28/2024,Normal,Sports & Travel,66.74,Ewallet,3.6
11/28/2024,Member,Fashion & Accs,23.79,Credit card,8.7
11/28/2024,Member,Home & Lifestyle,47.51,Credit card,4.4
11/28/2024,Normal,Sports & Travel,58.42,Credit card,4.7
11/28/2024,Normal,Home & Lifestyle,51.39,Cash,9
11/28/2024,Member,Health & Beauty,33.82,Credit card,5
11/28/2024,Member,Sports & Travel,61,Cash,5.9
11/28/2024,Normal,Electronics,87.11,Cash,6.3
11/28/2024,Normal,Home & Lifestyle,46.74,Ewallet,7.1
11/28/2024,Normal,Food & Beverages,8.3,Ewallet,6.3
11/29/2024,Normal,Health & Beauty,34.5,Credit card,8.1
11/29/2024,Member,Sports & Travel,59.35,Ewallet,4
11/29/2024,Normal,Health & Beauty,36.46,Ewallet,5.5
11/29/2024,Member,Health & Beauty,31.63,Credit card,6.6
11/29/2024,Member,Sports & Travel,78.41,Ewallet,7.4
11/29/2024,Normal,Health & Beauty,20.25,Ewallet,4.9
11/29/2024,Normal,Fashion & Accs,9.64,Cash,4.5
11/29/2024,Member,Health & Beauty,16.72,Cash,7
11/29/2024,Member,Food & Beverages,11.01,Ewallet,5.7
11/29/2024,Normal,Electronics,91.86,Ewallet,7.2
11/29/2024,Normal,Food & Beverages,10.52,Ewallet,4.5
11/29/2024,Normal,Health & Beauty,39.87,Cash,6.7
11/29/2024,Normal,Food & Beverages,8.39,Credit card,7.2
11/29/2024,Member,Home & Lifestyle,52.85,Cash,4.4
11/29/2024,Member,Home & Lifestyle,49.43,Ewallet,3.9
11/29/2024,Normal,Fashion & Accs,18.11,Cash,4.5
11/29/2024,Normal,Home & Lifestyle,49.27,Ewallet,6.2
11/30/2024,Member,Health & Beauty,38.73,Credit card,8.4
11/30/2024,Normal,Home & Lifestyle,63.94,Credit card,8.6
11/30/2024,Normal,Health & Beauty,28.09,Cash,7.6
11/30/2024,Normal,Health & Beauty,16.53,Ewallet,7.1
11/30/2024,Normal,Fashion & Accs,23.93,Ewallet,3.4
11/30/2024,Member,Food & Beverages,6.89,Credit card,9
11/30/2024,Member,Sports & Travel,71.47,Credit card,4.2
11/30/2024,Member,Fashion & Accs,12.36,Ewallet,7.3
11/30/2024,Member,Sports & Travel,60.89,Cash,5.9
11/30/2024,Member,Food & Beverages,10.23,Ewallet,7.6
11/30/2024,Member,Health & Beauty,38.02,Cash,5.6
11/30/2024,Member,Fashion & Accs,20.09,Credit card,6
11/30/2024,Normal,Food & Beverages,10.22,Credit card,4.7
11/30/2024,Normal,Food & Beverages,7.96,Cash,5
11/30/2024,Member,Health & Beauty,33.98,Credit card,5.6
11/30/2024,Normal,Health & Beauty,27.32,Credit card,3.7
11/30/2024,Normal,Health & Beauty,28.27,Credit card,3.9
11/30/2024,Normal,Fashion & Accs,21.34,Credit card,6.9
11/30/2024,Normal,Fashion & Accs,18.81,Credit card,3.8
11/30/2024,Normal,Fashion & Accs,13.21,Credit card,9
11/30/2024,Member,Sports & Travel,58.15,Credit card,5
11/30/2024,Normal,Electronics,83.08,Credit card,5.1
11/30/2024,Normal,Home & Lifestyle,65.13,Ewallet,7.1
12/1/2024,Member,Food & Beverages,9.66,Cash,3.6
12/1/2024,Member,Electronics,91.13,Cash,9.6
12/1/2024,Normal,Food & Beverages,6.62,Cash,7.5
12/1/2024,Member,Home & Lifestyle,57.6,Ewallet,8.7
12/1/2024,Normal,Fashion & Accs,14.63,Ewallet,7.3
12/1/2024,Normal,Food & Beverages,5.04,Cash,7.7
12/1/2024,Member,Home & Lifestyle,66.1,Credit card,3.5
12/1/2024,Member,Sports & Travel,69.66,Ewallet,6.1
12/1/2024,Normal,Fashion & Accs,18.16,Credit card,4.5
12/1/2024,Member,Sports & Travel,72.67,Cash,7.3
12/1/2024,Normal,Home & Lifestyle,57.63,Ewallet,4.7
12/1/2024,Normal,Food & Beverages,8.15,Cash,5
12/1/2024,Member,Fashion & Accs,11.14,Ewallet,5
12/1/2024,Member,Health & Beauty,31.22,Ewallet,9.5
12/1/2024,Normal,Sports & Travel,50.58,Credit card,4.6
12/1/2024,Member,Fashion & Accs,15.17,Ewallet,8.2
12/1/2024,Normal,Electronics,85.28,Credit card,9.6
12/1/2024,Normal,Sports & Travel,61.97,Credit card,9.1
12/1/2024,Member,Food & Beverages,4.7,Ewallet,4.6
12/1/2024,Member,Fashion & Accs,3.21,Credit card,3.5
12/1/2024,Member,Fashion & Accs,11.71,Ewallet,6.2
12/2/2024,Member,Home & Lifestyle,51.94,Credit card,5.9
12/2/2024,Member,Food & Beverages,2.48,Cash,4.7
12/2/2024,Normal,Fashion & Accs,5.3,Cash,8.9
12/2/2024,Member,Electronics,88.88,Cash,9.6
12/2/2024,Normal,Sports & Travel,64.57,Credit card,9.1
12/2/2024,Normal,Fashion & Accs,18.68,Credit card,5.9
12/2/2024,Member,Sports & Travel,55.7,Cash,6.9
12/2/2024,Member,Food & Beverages,2.4,Ewallet,9.3
12/2/2024,Member,Food & Beverages,2.55,Ewallet,8.9
12/2/2024,Member,Food & Beverages,6.96,Ewallet,7
12/2/2024,Normal,Food & Beverages,3.91,Cash,7.6
12/2/2024,Member,Food & Beverages,5.67,Cash,3.5
12/3/2024,Normal,Fashion & Accs,17.86,Credit card,4.9
12/3/2024,Member,Food & Beverages,7.34,Credit card,9.3
12/3/2024,Member,Electronics,95.76,Cash,4.9
12/3/2024,Member,Health & Beauty,40.62,Ewallet,6.3
12/3/2024,Normal,Sports & Travel,74.88,Cash,5.3
12/3/2024,Normal,Electronics,85.97,Ewallet,3.1
12/3/2024,Member,Electronics,94.16,Ewallet,4
12/3/2024,Member,Electronics,96.02,Ewallet,4.7
12/3/2024,Member,Electronics,96.8,Cash,9.6
12/3/2024,Member,Home & Lifestyle,64.73,Credit card,8.5
12/3/2024,Member,Sports & Travel,73.62,Credit card,8.9
12/4/2024,Normal,Sports & Travel,60.49,Cash,3.2
12/4/2024,Member,Fashion & Accs,19.4,Credit card,7.4
12/4/2024,Member,Food & Beverages,2.92,Cash,6.9
12/4/2024,Normal,Sports & Travel,60.37,Credit card,7.1
12/4/2024,Normal,Food & Beverages,2.36,Cash,6.5
12/4/2024,Normal,Home & Lifestyle,58.63,Ewallet,5.1
12/4/2024,Normal,Home & Lifestyle,63.34,Credit card,7.7
12/4/2024,Normal,Food & Beverages,7.42,Ewallet,6.9
12/4/2024,Normal,Food & Beverages,3.68,Ewallet,7.5
12/4/2024,Normal,Food & Beverages,8.35,Ewallet,3.6
12/4/2024,Member,Food & Beverages,8.55,Ewallet,5.1
12/4/2024,Member,Home & Lifestyle,54.9,Ewallet,8.8
12/4/2024,Normal,Electronics,84.31,Cash,7.5
12/4/2024,Member,Electronics,75.09,Credit card,3.3
12/4/2024,Member,Fashion & Accs,16.43,Ewallet,7
12/4/2024,Normal,Sports & Travel,76.92,Credit card,4.8
12/4/2024,Normal,Fashion & Accs,13.28,Credit card,3.5
12/4/2024,Normal,Food & Beverages,9.14,Cash,4
12/4/2024,Member,Food & Beverages,5.32,Ewallet,6.2
12/4/2024,Member,Electronics,94.8,Credit card,6.2
12/4/2024,Normal,Sports & Travel,66.15,Ewallet,9.1
12/4/2024,Normal,Food & Beverages,2.23,Ewallet,7.6
12/5/2024,Member,Food & Beverages,9.85,Cash,9.2
12/5/2024,Member,Health & Beauty,39.28,Credit card,4.2
12/5/2024,Normal,Fashion & Accs,7.88,Credit card,8.1
12/5/2024,Normal,Home & Lifestyle,50.39,Cash,9.8
12/5/2024,Member,Food & Beverages,8.03,Cash,8.7
12/5/2024,Normal,Health & Beauty,40.08,Cash,6.2
12/5/2024,Member,Fashion & Accs,16,Credit card,3.7
12/5/2024,Normal,Electronics,97.26,Cash,7
12/5/2024,Normal,Home & Lifestyle,67.01,Cash,8.4
12/5/2024,Normal,Food & Beverages,7.29,Ewallet,7.4
12/5/2024,Member,Electronics,82.55,Ewallet,9.1
12/5/2024,Member,Food & Beverages,7.87,Ewallet,8.5
12/5/2024,Normal,Food & Beverages,8.61,Credit card,5.2
12/5/2024,Normal,Fashion & Accs,6.39,Ewallet,7.2
12/5/2024,Normal,Food & Beverages,3.45,Credit card,8.4
12/6/2024,Member,Food & Beverages,6.13,Cash,4.6
12/6/2024,Normal,Food & Beverages,7.17,Credit card,8.4
12/6/2024,Member,Electronics,78.86,Credit card,6.2
12/6/2024,Normal,Food & Beverages,7.62,Credit card,4.7
12/6/2024,Member,Electronics,91.51,Cash,4.5
12/6/2024,Member,Food & Beverages,8.66,Cash,5.5
12/6/2024,Normal,Food & Beverages,2.36,Ewallet,5
12/6/2024,Member,Sports & Travel,76.18,Credit card,6.2
12/6/2024,Normal,Food & Beverages,9.53,Cash,8.6
12/6/2024,Member,Food & Beverages,3.19,Credit card,3.6
12/6/2024,Member,Fashion & Accs,15.96,Credit card,9.2
12/6/2024,Normal,Food & Beverages,6.55,Ewallet,9.5
12/6/2024,Normal,Electronics,89.12,Cash,4.2
12/6/2024,Normal,Electronics,89.96,Credit card,3.2
12/7/2024,Member,Food & Beverages,7.5,Ewallet,7
12/7/2024,Member,Home & Lifestyle,60.89,Credit card,8.6
12/7/2024,Normal,Electronics,82.71,Ewallet,5.1
12/7/2024,Normal,Food & Beverages,2.64,Credit card,8
12/7/2024,Member,Health & Beauty,48.86,Ewallet,9.5
12/7/2024,Member,Sports & Travel,72.89,Credit card,6.5
12/7/2024,Normal,Food & Beverages,7.08,Cash,6.2
12/7/2024,Member,Food & Beverages,4.64,Credit card,7.5
12/7/2024,Normal,Food & Beverages,2.7,Credit card,3.8
12/7/2024,Normal,Home & Lifestyle,58.26,Ewallet,5.5
12/7/2024,Member,Home & Lifestyle,54.07,Cash,9.3
12/7/2024,Member,Food & Beverages,2.23,Cash,7.8
12/7/2024,Member,Food & Beverages,3.8,Credit card,9.4
12/7/2024,Normal,Health & Beauty,35.27,Credit card,8.7
12/8/2024,Member,Sports & Travel,61.51,Ewallet,8.1
12/8/2024,Normal,Electronics,79.84,Credit card,8.6
12/8/2024,Member,Fashion & Accs,10.04,Credit card,5.3
12/8/2024,Normal,Home & Lifestyle,67.39,Ewallet,5.6
12/8/2024,Normal,Home & Lifestyle,64.89,Credit card,9.7
12/8/2024,Normal,Home & Lifestyle,69.3,Ewallet,9.6
12/8/2024,Member,Food & Beverages,6.21,Cash,7.9
12/8/2024,Member,Food & Beverages,5.76,Credit card,7.2
12/8/2024,Normal,Food & Beverages,9.63,Ewallet,3.2
12/8/2024,Member,Electronics,91.62,Cash,8.2
12/8/2024,Member,Health & Beauty,40.82,Cash,5.2
12/8/2024,Normal,Electronics,74.21,Credit card,6.8
12/8/2024,Member,Home & Lifestyle,62.19,Ewallet,7.6
12/9/2024,Member,Food & Beverages,5.69,Credit card,4.7
12/9/2024,Member,Electronics,72.14,Ewallet,5
12/9/2024,Normal,Sports & Travel,75.36,Credit card,8.8
12/9/2024,Normal,Electronics,98.74,Cash,9.7
12/9/2024,Member,Health & Beauty,47.32,Credit card,8.3
12/9/2024,Member,Fashion & Accs,13.18,Ewallet,3.7
12/9/2024,Normal,Health & Beauty,21,Ewallet,3.9
12/9/2024,Member,Sports & Travel,56.02,Credit card,6.6
12/9/2024,Normal,Sports & Travel,79.02,Ewallet,8.9
12/9/2024,Member,Home & Lifestyle,65.08,Ewallet,7.9
12/9/2024,Member,Sports & Travel,73.72,Credit card,6.6
12/9/2024,Normal,Food & Beverages,8.58,Cash,7.6
12/9/2024,Member,Food & Beverages,7.18,Ewallet,5.1
12/9/2024,Member,Food & Beverages,4.43,Cash,3.7
12/9/2024,Normal,Sports & Travel,61.13,Credit card,7
12/9/2024,Normal,Home & Lifestyle,62.31,Cash,7.7
12/9/2024,Normal,Fashion & Accs,3.79,Ewallet,9.1
12/9/2024,Normal,Health & Beauty,25.69,Credit card,3.6
12/9/2024,Member,Fashion & Accs,16.16,Cash,8.4
12/9/2024,Member,Fashion & Accs,16.63,Credit card,8.3
12/9/2024,Normal,Home & Lifestyle,67.17,Cash,6.7
12/9/2024,Member,Home & Lifestyle,50.3,Ewallet,5.2
12/10/2024,Normal,Fashion & Accs,11.47,Credit card,6
12/10/2024,Normal,Food & Beverages,6.03,Cash,7.9
12/10/2024,Normal,Sports & Travel,69.3,Cash,9.8
12/10/2024,Normal,Home & Lifestyle,64.25,Cash,9.1
12/10/2024,Member,Food & Beverages,4.2,Ewallet,7.8
12/10/2024,Normal,Food & Beverages,6.04,Cash,8.4
12/10/2024,Normal,Electronics,83.07,Credit card,5.3
12/10/2024,Normal,Food & Beverages,5.41,Credit card,9.5
12/10/2024,Member,Health & Beauty,44.95,Credit card,3.7
12/10/2024,Normal,Home & Lifestyle,63.4,Credit card,8.9
12/10/2024,Normal,Sports & Travel,68.01,Cash,6.9
12/10/2024,Member,Fashion & Accs,17.25,Ewallet,5.5
12/11/2024,Normal,Home & Lifestyle,66.9,Ewallet,7.6
12/11/2024,Member,Food & Beverages,3.44,Credit card,5.4
12/11/2024,Member,Fashion & Accs,4.55,Cash,8.1
12/11/2024,Normal,Fashion & Accs,4.83,Ewallet,5.2
12/11/2024,Member,Sports & Travel,54.67,Cash,7.6
12/11/2024,Normal,Fashion & Accs,12.93,Credit card,4.5
12/11/2024,Member,Food & Beverages,4.27,Credit card,6.6
12/11/2024,Member,Food & Beverages,2.06,Cash,8.2
12/11/2024,Member,Home & Lifestyle,50.15,Cash,3.9
12/11/2024,Member,Food & Beverages,5.18,Credit card,3.1
12/11/2024,Normal,Sports & Travel,71.28,Credit card,3.8
12/11/2024,Normal,Electronics,94.09,Cash,6
12/11/2024,Member,Electronics,81.46,Ewallet,5.3
12/11/2024,Member,Food & Beverages,6.24,Credit card,5.4
12/11/2024,Member,Sports & Travel,53.08,Cash,4.2
12/11/2024,Member,Fashion & Accs,19.12,Credit card,8.1
12/11/2024,Normal,Home & Lifestyle,53.02,Credit card,6
12/11/2024,Normal,Food & Beverages,6.06,Credit card,6.1
12/11/2024,Member,Electronics,87.8,Credit card,6.1
12/11/2024,Normal,Food & Beverages,9.27,Ewallet,4.3
12/11/2024,Member,Health & Beauty,33.52,Ewallet,3.6
12/12/2024,Normal,Health & Beauty,49.73,Ewallet,7.1
12/12/2024,Normal,Food & Beverages,8.2,Cash,8.4
12/12/2024,Member,Health & Beauty,36.74,Credit card,4.7
12/12/2024,Normal,Home & Lifestyle,51.63,Credit card,5.1
12/12/2024,Member,Health & Beauty,37.85,Credit card,6.8
12/12/2024,Member,Health & Beauty,39.38,Ewallet,5.5
12/12/2024,Normal,Food & Beverages,9.58,Cash,4.5
12/12/2024,Member,Electronics,84.7,Ewallet,9
12/12/2024,Normal,Electronics,74.47,Ewallet,8.2
12/12/2024,Member,Home & Lifestyle,58.22,Credit card,7.2
12/12/2024,Member,Home & Lifestyle,56.19,Cash,5.5
12/12/2024,Normal,Sports & Travel,73.34,Ewallet,5.8
12/12/2024,Normal,Fashion & Accs,2.94,Credit card,6.8
12/12/2024,Normal,Electronics,72.43,Credit card,6.1
12/12/2024,Member,Food & Beverages,8.53,Cash,5.8
12/12/2024,Normal,Food & Beverages,9.96,Cash,3.2
12/12/2024,Member,Sports & Travel,54.13,Credit card,7.7
12/12/2024,Normal,Electronics,87.81,Cash,4.7
12/12/2024,Member,Home & Lifestyle,65.52,Credit card,3.8
12/12/2024,Member,Fashion & Accs,4,Ewallet,6.6
12/12/2024,Member,Health & Beauty,28.74,Ewallet,5.4
12/12/2024,Normal,Food & Beverages,2.54,Ewallet,6.4
12/13/2024,Normal,Sports & Travel,76.2,Ewallet,5.6
12/13/2024,Normal,Food & Beverages,8.31,Cash,8
12/13/2024,Member,Health & Beauty,21.33,Credit card,8.5
12/13/2024,Normal,Fashion & Accs,13.37,Cash,7.9
12/13/2024,Member,Sports & Travel,51.31,Cash,5.1
12/13/2024,Normal,Food & Beverages,2.29,Credit card,5.4
12/13/2024,Normal,Home & Lifestyle,52.49,Credit card,9
12/13/2024,Member,Home & Lifestyle,59.92,Credit card,9.3
12/13/2024,Member,Food & Beverages,5.44,Ewallet,5
12/13/2024,Normal,Electronics,82.91,Cash,7.7
12/13/2024,Normal,Food & Beverages,4.2,Cash,7.6
12/13/2024,Member,Food & Beverages,3.14,Ewallet,8.3
12/13/2024,Normal,Electronics,80.48,Cash,7.1
12/13/2024,Normal,Health & Beauty,42.89,Cash,6.6
12/13/2024,Member,Food & Beverages,9.68,Ewallet,4.3
12/13/2024,Normal,Food & Beverages,8.2,Cash,9.8
12/13/2024,Member,Fashion & Accs,4.44,Credit card,4.2
12/13/2024,Normal,Health & Beauty,41.29,Ewallet,5
12/13/2024,Normal,Food & Beverages,6.07,Cash,8.4
12/13/2024,Normal,Fashion & Accs,11.97,Credit card,8.5
12/13/2024,Member,Food & Beverages,4.47,Ewallet,5.8
12/13/2024,Member,Food & Beverages,9.78,Credit card,6.2
12/13/2024,Member,Food & Beverages,5.46,Cash,6.5
12/13/2024,Member,Food & Beverages,4.77,Credit card,8.8
12/13/2024,Member,Fashion & Accs,13.25,Ewallet,3.6
12/14/2024,Member,Health & Beauty,39.76,Credit card,8.7
12/14/2024,Member,Food & Beverages,9.59,Credit card,7.4
12/14/2024,Normal,Home & Lifestyle,67.78,Credit card,7.4
12/14/2024,Normal,Food & Beverages,5.63,Cash,6
12/14/2024,Member,Food & Beverages,4.5,Ewallet,9.7
12/14/2024,Normal,Food & Beverages,6.12,Credit card,4.6
12/14/2024,Member,Electronics,72.8,Credit card,8.9
12/14/2024,Normal,Food & Beverages,3.52,Credit card,9.8
12/14/2024,Member,Food & Beverages,2.72,Ewallet,6.1
12/14/2024,Member,Fashion & Accs,2.91,Ewallet,9
12/14/2024,Member,Health & Beauty,45.42,Cash,9
12/14/2024,Member,Home & Lifestyle,58.01,Ewallet,4.3
12/14/2024,Normal,Food & Beverages,8.12,Ewallet,7.6
12/14/2024,Normal,Electronics,93.01,Ewallet,9.4
12/14/2024,Member,Home & Lifestyle,50.91,Ewallet,5.3
12/14/2024,Member,Food & Beverages,4.62,Credit card,4.1
12/14/2024,Normal,Sports & Travel,65.22,Ewallet,6.3
12/14/2024,Normal,Food & Beverages,4.65,Credit card,7
12/14/2024,Normal,Home & Lifestyle,55.31,Ewallet,4.5
12/15/2024,Normal,Electronics,74.28,Cash,6.9
12/15/2024,Normal,Health & Beauty,29.41,Credit card,7.7
12/15/2024,Member,Food & Beverages,7.65,Cash,6.8
12/15/2024,Normal,Sports & Travel,78.7,Ewallet,5.3
12/15/2024,Normal,Food & Beverages,3.54,Credit card,6.8
12/15/2024,Member,Fashion & Accs,14.42,Credit card,6.3
12/15/2024,Normal,Food & Beverages,2.97,Credit card,9.1
12/15/2024,Normal,Food & Beverages,2.34,Credit card,9.3
12/15/2024,Member,Health & Beauty,26.06,Credit card,9.3
12/15/2024,Member,Health & Beauty,27.27,Cash,7.3
12/15/2024,Normal,Electronics,72.91,Cash,9.6
12/15/2024,Normal,Sports & Travel,64.32,Credit card,5.2
12/16/2024,Member,Health & Beauty,47.4,Credit card,9
12/16/2024,Normal,Fashion & Accs,5.35,Cash,3.1
12/16/2024,Normal,Food & Beverages,5.63,Ewallet,6.4
12/16/2024,Normal,Sports & Travel,55.78,Credit card,4.1
12/16/2024,Member,Food & Beverages,7.89,Ewallet,7.6
12/16/2024,Normal,Fashion & Accs,11.28,Credit card,7.6
12/16/2024,Normal,Fashion & Accs,18.84,Credit card,5.6
12/16/2024,Normal,Food & Beverages,6.66,Cash,4.8
12/16/2024,Member,Food & Beverages,5.72,Credit card,7.7
12/16/2024,Member,Sports & Travel,69.16,Credit card,7.2
12/16/2024,Member,Fashion & Accs,10.19,Credit card,5.8
12/16/2024,Member,Food & Beverages,7.44,Cash,6.6
12/16/2024,Member,Food & Beverages,2.49,Ewallet,4.4
12/16/2024,Normal,Food & Beverages,2.93,Ewallet,7
12/16/2024,Member,Electronics,83.13,Credit card,6.1
12/16/2024,Member,Electronics,81.46,Ewallet,4.5
12/16/2024,Member,Electronics,85.67,Cash,9.7
12/16/2024,Member,Food & Beverages,8.15,Credit card,9.8
12/16/2024,Member,Food & Beverages,7.46,Cash,7.4
12/16/2024,Member,Food & Beverages,7.82,Cash,8.1
12/17/2024,Normal,Sports & Travel,74.7,Credit card,5.4
12/17/2024,Member,Fashion & Accs,16.57,Ewallet,8.2
12/17/2024,Member,Sports & Travel,52.02,Cash,6
12/17/2024,Member,Health & Beauty,32.07,Ewallet,4.5
12/17/2024,Normal,Sports & Travel,57.02,Credit card,6.9
12/17/2024,Normal,Home & Lifestyle,67.53,Cash,5.8
12/17/2024,Normal,Fashion & Accs,12.01,Credit card,9.4
12/17/2024,Normal,Health & Beauty,32.25,Credit card,4.3
12/17/2024,Normal,Food & Beverages,8.86,Credit card,9.2
12/17/2024,Normal,Food & Beverages,3.94,Credit card,7.4
12/17/2024,Member,Sports & Travel,51.55,Ewallet,7.1
12/17/2024,Member,Electronics,83.88,Credit card,9.5
12/17/2024,Normal,Electronics,96.47,Ewallet,4.4
12/17/2024,Normal,Sports & Travel,61.42,Ewallet,5.4
12/17/2024,Normal,Fashion & Accs,3.77,Credit card,9.2
12/17/2024,Member,Food & Beverages,7.93,Credit card,6.8
12/17/2024,Normal,Health & Beauty,24.57,Cash,5.6
12/18/2024,Normal,Home & Lifestyle,65.27,Ewallet,7.4
12/18/2024,Member,Food & Beverages,3.12,Credit card,4.3
12/18/2024,Member,Sports & Travel,75.17,Ewallet,3.3
12/18/2024,Member,Electronics,90.47,Cash,6.4
12/18/2024,Normal,Food & Beverages,2.13,Ewallet,5.8
12/18/2024,Normal,Electronics,70.5,Cash,3.7
12/18/2024,Member,Electronics,87.94,Credit card,4.8
12/18/2024,Normal,Food & Beverages,6.52,Credit card,7.7
12/18/2024,Member,Home & Lifestyle,58.11,Ewallet,6.2
12/18/2024,Member,Health & Beauty,35,Ewallet,8.3
12/18/2024,Member,Food & Beverages,3.69,Credit card,4.8
12/19/2024,Member,Sports & Travel,55.38,Cash,9.5
12/19/2024,Member,Health & Beauty,28.98,Cash,6.9
12/19/2024,Normal,Home & Lifestyle,65.11,Ewallet,7.9
12/19/2024,Member,Food & Beverages,5.5,Credit card,7.1
12/19/2024,Normal,Health & Beauty,20.89,Credit card,6.3
12/19/2024,Member,Food & Beverages,7.44,Cash,8.3
12/19/2024,Member,Food & Beverages,4.14,Ewallet,8.3
12/19/2024,Normal,Fashion & Accs,3.92,Credit card,6
12/19/2024,Member,Home & Lifestyle,53.75,Ewallet,6.8
12/19/2024,Normal,Food & Beverages,6.43,Ewallet,8.3
12/19/2024,Normal,Sports & Travel,61.63,Ewallet,9.1
12/20/2024,Normal,Sports & Travel,55.09,Credit card,4.8
12/20/2024,Normal,Fashion & Accs,9.58,Cash,5.5
12/20/2024,Member,Sports & Travel,63.74,Credit card,3
12/20/2024,Normal,Food & Beverages,5.52,Ewallet,9.6
12/20/2024,Normal,Fashion & Accs,7.66,Credit card,5
12/20/2024,Normal,Health & Beauty,31.28,Credit card,3.8
12/20/2024,Member,Health & Beauty,48.59,Ewallet,4.4
12/20/2024,Normal,Home & Lifestyle,63.46,Ewallet,5.1
12/20/2024,Normal,Food & Beverages,2.59,Credit card,7
12/20/2024,Member,Health & Beauty,43.72,Ewallet,9.1
12/20/2024,Member,Health & Beauty,43.07,Cash,7.4
12/20/2024,Normal,Electronics,97.96,Cash,3.1
12/20/2024,Normal,Food & Beverages,4.99,Ewallet,7
12/21/2024,Normal,Health & Beauty,23.14,Cash,3.8
12/21/2024,Normal,Sports & Travel,60.29,Ewallet,6.3
12/21/2024,Normal,Food & Beverages,2.54,Ewallet,3.8
12/21/2024,Member,Sports & Travel,77.9,Ewallet,4.2
12/21/2024,Normal,Fashion & Accs,6.17,Ewallet,4.3
12/21/2024,Member,Health & Beauty,42.12,Credit card,7
12/21/2024,Member,Food & Beverages,4.23,Ewallet,3.7
12/21/2024,Normal,Sports & Travel,55.91,Credit card,7.6
12/21/2024,Normal,Food & Beverages,6.89,Cash,5.4
12/21/2024,Normal,Sports & Travel,77.56,Cash,7.6
12/21/2024,Member,Food & Beverages,3.46,Ewallet,5.6
12/21/2024,Normal,Health & Beauty,25.57,Ewallet,9.3
12/21/2024,Normal,Sports & Travel,58.67,Credit card,8.7
12/21/2024,Normal,Health & Beauty,24.1,Ewallet,6.4
12/21/2024,Normal,Food & Beverages,7.68,Credit card,4.1
12/21/2024,Member,Health & Beauty,28.25,Credit card,4.1
12/21/2024,Member,Food & Beverages,6.58,Ewallet,8.6
12/21/2024,Member,Food & Beverages,9.92,Ewallet,8.6
12/22/2024,Normal,Home & Lifestyle,55.26,Credit card,8.9
12/22/2024,Normal,Fashion & Accs,17.5,Ewallet,5.9
12/22/2024,Member,Health & Beauty,37.1,Credit card,7.1
12/22/2024,Normal,Fashion & Accs,12.31,Ewallet,8.5
12/22/2024,Normal,Fashion & Accs,17.61,Ewallet,8.9
12/22/2024,Member,Food & Beverages,8.09,Credit card,4
12/22/2024,Normal,Health & Beauty,33.56,Credit card,6.5
12/22/2024,Normal,Food & Beverages,4.62,Ewallet,3.6
12/22/2024,Member,Sports & Travel,73.87,Cash,9.6
12/22/2024,Normal,Sports & Travel,74.85,Ewallet,6.9
12/22/2024,Member,Health & Beauty,21.38,Cash,3.8
12/22/2024,Member,Sports & Travel,79.76,Cash,9.8
12/22/2024,Member,Sports & Travel,76.23,Cash,7.5
12/22/2024,Member,Food & Beverages,5.17,Ewallet,7.8
12/22/2024,Member,Food & Beverages,2.01,Cash,3.9
12/22/2024,Member,Food & Beverages,2.06,Cash,9.7
12/22/2024,Member,Food & Beverages,3.83,Ewallet,8.5
12/22/2024,Member,Fashion & Accs,8.89,Ewallet,9.8
12/22/2024,Member,Fashion & Accs,9.92,Ewallet,8.1
12/22/2024,Member,Sports & Travel,52.6,Cash,8.1
12/23/2024,Normal,Health & Beauty,29.44,Cash,4.9
12/23/2024,Member,Electronics,94.55,Cash,6.5
12/23/2024,Normal,Health & Beauty,39.39,Credit card,5.6
12/23/2024,Member,Food & Beverages,9.9,Cash,5.6
12/23/2024,Member,Sports & Travel,72.88,Cash,7
12/23/2024,Member,Electronics,97.46,Ewallet,4.9
12/23/2024,Normal,Home & Lifestyle,51.65,Ewallet,7.2
12/23/2024,Member,Food & Beverages,9.79,Ewallet,5.2
12/23/2024,Normal,Health & Beauty,40.96,Cash,4.7
12/23/2024,Member,Sports & Travel,59.28,Cash,3.1
12/23/2024,Normal,Fashion & Accs,19.15,Ewallet,8.3
12/23/2024,Member,Home & Lifestyle,65,Ewallet,9
12/23/2024,Normal,Home & Lifestyle,55.44,Credit card,7.8
12/23/2024,Normal,Health & Beauty,35.32,Credit card,8.8
12/23/2024,Member,Fashion & Accs,18.1,Cash,8
12/23/2024,Member,Electronics,83.66,Cash,4.2
12/23/2024,Member,Sports & Travel,59.65,Ewallet,5.2
12/23/2024,Member,Sports & Travel,65.06,Cash,4.5
12/23/2024,Member,Health & Beauty,46.31,Credit card,5.2
12/23/2024,Member,Health & Beauty,28.75,Ewallet,7.2
12/24/2024,Member,Food & Beverages,7.86,Cash,4
12/24/2024,Normal,Sports & Travel,69.08,Credit card,3
12/24/2024,Member,Health & Beauty,26.16,Credit card,6.3
12/24/2024,Member,Electronics,71.27,Ewallet,5.8
12/24/2024,Member,Sports & Travel,65.16,Cash,7
12/24/2024,Member,Electronics,78.44,Credit card,7.8
12/24/2024,Normal,Home & Lifestyle,54.67,Cash,8.3
12/24/2024,Member,Health & Beauty,33.49,Credit card,3.8
12/24/2024,Normal,Food & Beverages,5.71,Cash,4.1
12/24/2024,Member,Health & Beauty,45.08,Cash,3.6
12/24/2024,Member,Food & Beverages,7.42,Cash,3.2
12/24/2024,Member,Food & Beverages,5.7,Cash,3.1
12/24/2024,Member,Sports & Travel,74.71,Ewallet,7.3
12/24/2024,Member,Health & Beauty,20.65,Cash,9.1
12/24/2024,Normal,Food & Beverages,2.98,Cash,4.1
12/24/2024,Normal,Health & Beauty,20.88,Cash,5.4
12/24/2024,Normal,Sports & Travel,76.5,Ewallet,7.2
12/24/2024,Normal,Food & Beverages,9.06,Cash,3.6
12/24/2024,Member,Food & Beverages,7.05,Cash,9.7
12/24/2024,Normal,Home & Lifestyle,56.88,Ewallet,5.2
12/24/2024,Member,Food & Beverages,2.23,Cash,8.5
12/24/2024,Member,Food & Beverages,2.8,Credit card,6.6
12/24/2024,Member,Home & Lifestyle,61.51,Credit card,9.4
12/24/2024,Member,Sports & Travel,67.78,Ewallet,3.2
12/24/2024,Member,Home & Lifestyle,66.73,Ewallet,5.1
12/24/2024,Member,Food & Beverages,6.81,Ewallet,6.3
12/24/2024,Member,Food & Beverages,4.73,Credit card,3.4
12/25/2024,Member,Fashion & Accs,17.24,Cash,5.5
12/25/2024,Normal,Sports & Travel,59.05,Cash,8
12/25/2024,Normal,Food & Beverages,3.39,Ewallet,9
12/25/2024,Member,Health & Beauty,31.35,Cash,4.2
12/25/2024,Member,Electronics,75.27,Ewallet,4.5
12/25/2024,Normal,Health & Beauty,42.36,Credit card,9.7
12/25/2024,Normal,Fashion & Accs,2.21,Cash,7.7
12/25/2024,Member,Food & Beverages,5.09,Cash,9
12/25/2024,Normal,Food & Beverages,2.81,Ewallet,7.4
12/25/2024,Member,Health & Beauty,43.98,Credit card,3.1
12/25/2024,Normal,Food & Beverages,3.36,Cash,8
12/25/2024,Normal,Health & Beauty,41.14,Ewallet,4.1
12/25/2024,Member,Sports & Travel,59.93,Credit card,7.7
12/25/2024,Normal,Home & Lifestyle,55.95,Cash,5.7
12/25/2024,Member,Health & Beauty,30.82,Cash,5
12/25/2024,Member,Health & Beauty,22.91,Cash,7.3
12/25/2024,Normal,Sports & Travel,73.55,Credit card,9.1
12/25/2024,Member,Food & Beverages,4.97,Credit card,4.3
12/25/2024,Normal,Electronics,76.55,Ewallet,3.4
12/25/2024,Member,Home & Lifestyle,63.36,Credit card,9.6
12/25/2024,Normal,Health & Beauty,44.55,Ewallet,7.7
12/25/2024,Normal,Sports & Travel,58.97,Ewallet,3.2
12/25/2024,Member,Health & Beauty,48.48,Cash,9.5
12/25/2024,Member,Fashion & Accs,2.77,Ewallet,6
12/25/2024,Normal,Sports & Travel,59.59,Cash,5.6
12/25/2024,Normal,Food & Beverages,9.34,Ewallet,7.2
12/26/2024,Normal,Health & Beauty,24.49,Ewallet,7
12/26/2024,Member,Sports & Travel,73.57,Credit card,9
12/26/2024,Normal,Food & Beverages,2.3,Credit card,4
12/26/2024,Member,Health & Beauty,31.87,Ewallet,4.6
12/26/2024,Member,Home & Lifestyle,56.76,Credit card,4.9
12/26/2024,Member,Food & Beverages,3.08,Credit card,4.8
12/26/2024,Member,Food & Beverages,5.53,Ewallet,6.3
12/26/2024,Member,Health & Beauty,21.97,Credit card,3.9
12/26/2024,Member,Sports & Travel,55.78,Cash,4.7
12/26/2024,Normal,Food & Beverages,4.95,Ewallet,5.7
12/26/2024,Member,Sports & Travel,61.17,Credit card,4.2
12/26/2024,Normal,Sports & Travel,54.91,Ewallet,8.6
12/26/2024,Member,Electronics,74.72,Cash,8.8
12/26/2024,Normal,Health & Beauty,39.55,Cash,8.9
12/26/2024,Normal,Sports & Travel,77.35,Ewallet,8.4
12/26/2024,Normal,Food & Beverages,5.39,Credit card,6.1
12/26/2024,Member,Food & Beverages,2.06,Ewallet,7.4
12/26/2024,Normal,Health & Beauty,21.92,Ewallet,5.2
12/27/2024,Member,Food & Beverages,3.2,Cash,8.5
12/27/2024,Normal,Sports & Travel,70.42,Ewallet,6.4
12/27/2024,Normal,Food & Beverages,7.89,Ewallet,9.8
12/27/2024,Normal,Sports & Travel,77.2,Ewallet,5
12/27/2024,Normal,Fashion & Accs,3.76,Ewallet,4.8
12/27/2024,Member,Sports & Travel,56.67,Ewallet,8.9
12/27/2024,Normal,Food & Beverages,6.68,Cash,6.2
12/27/2024,Normal,Sports & Travel,76.68,Cash,8.9
12/27/2024,Member,Food & Beverages,8.97,Cash,9.7
12/27/2024,Member,Food & Beverages,4.53,Cash,6.3
12/27/2024,Member,Health & Beauty,20.14,Cash,8.2
12/27/2024,Member,Fashion & Accs,4.33,Ewallet,5.9
12/27/2024,Member,Food & Beverages,2.3,Ewallet,5.5
12/27/2024,Member,Electronics,89.59,Cash,7.7
12/27/2024,Normal,Food & Beverages,6.03,Cash,3.4
12/27/2024,Normal,Electronics,82.55,Credit card,9.8
12/27/2024,Normal,Food & Beverages,2.15,Ewallet,9.7
12/27/2024,Member,Food & Beverages,4.93,Credit card,9
12/27/2024,Member,Food & Beverages,7.3,Cash,7.7
12/27/2024,Normal,Food & Beverages,5.8,Cash,7.7
12/27/2024,Member,Health & Beauty,39.87,Ewallet,7.1
12/27/2024,Normal,Fashion & Accs,4.05,Credit card,4.4
12/28/2024,Normal,Fashion & Accs,14.66,Cash,3.3
12/28/2024,Normal,Food & Beverages,3.88,Ewallet,3.6
12/28/2024,Member,Fashion & Accs,19.09,Cash,7.9
12/28/2024,Normal,Fashion & Accs,19.8,Credit card,6.2
12/28/2024,Normal,Electronics,80.43,Credit card,8
12/28/2024,Member,Electronics,89.2,Credit card,5.4
12/28/2024,Member,Food & Beverages,4.98,Cash,3.8
12/28/2024,Normal,Food & Beverages,7.52,Credit card,7.4
12/28/2024,Member,Home & Lifestyle,69.63,Cash,5.8
12/28/2024,Member,Health & Beauty,38.34,Ewallet,3.2
12/28/2024,Normal,Health & Beauty,47.61,Credit card,6
12/28/2024,Member,Electronics,90.4,Ewallet,6.9
12/28/2024,Member,Health & Beauty,32.99,Credit card,5.4
12/28/2024,Member,Health & Beauty,20.35,Ewallet,8.8
12/28/2024,Normal,Sports & Travel,59.62,Credit card,3.3
12/28/2024,Normal,Food & Beverages,8.54,Credit card,6
12/28/2024,Normal,Health & Beauty,29.48,Ewallet,7.4
12/28/2024,Member,Fashion & Accs,16.87,Ewallet,7.3
12/28/2024,Normal,Sports & Travel,78.51,Cash,8.6
12/28/2024,Normal,Sports & Travel,71.48,Cash,8.2
12/28/2024,Normal,Food & Beverages,6.38,Ewallet,3.7
12/29/2024,Normal,Sports & Travel,53.21,Cash,4.3
12/29/2024,Normal,Sports & Travel,74.74,Ewallet,5.3
12/29/2024,Normal,Home & Lifestyle,59.15,Ewallet,3.9
12/29/2024,Normal,Food & Beverages,8.71,Ewallet,8.3
12/29/2024,Member,Sports & Travel,53.11,Ewallet,9
12/29/2024,Member,Health & Beauty,28.21,Credit card,6.1
12/29/2024,Normal,Fashion & Accs,14.81,Ewallet,4.5
12/29/2024,Normal,Food & Beverages,9.37,Ewallet,7.4
12/29/2024,Member,Sports & Travel,72.82,Credit card,7
12/29/2024,Normal,Sports & Travel,76.32,Cash,6.6
12/29/2024,Member,Electronics,75.79,Credit card,7.6
12/29/2024,Member,Fashion & Accs,15.56,Credit card,8.5
12/29/2024,Normal,Fashion & Accs,6.28,Ewallet,7.5
12/29/2024,Normal,Sports & Travel,78.97,Cash,8.1
12/29/2024,Normal,Food & Beverages,8.04,Ewallet,7.1
12/29/2024,Normal,Home & Lifestyle,53.55,Cash,9.5
12/29/2024,Member,Home & Lifestyle,58.57,Credit card,3.9
12/29/2024,Normal,Health & Beauty,33.99,Cash,4
12/29/2024,Normal,Food & Beverages,8.32,Credit card,3.5
12/29/2024,Member,Home & Lifestyle,60.41,Cash,5.8
12/29/2024,Member,Health & Beauty,46.5,Credit card,5.5
12/29/2024,Member,Food & Beverages,2.92,Credit card,4.6
12/29/2024,Member,Health & Beauty,40.48,Credit card,9.2
12/29/2024,Normal,Sports & Travel,50.74,Credit card,6.5
12/30/2024,Normal,Health & Beauty,46.95,Credit card,6.5
12/30/2024,Member,Sports & Travel,56.32,Ewallet,5.9
12/30/2024,Member,Fashion & Accs,15.44,Cash,6.1
12/30/2024,Member,Food & Beverages,3.42,Ewallet,3.5
12/30/2024,Normal,Sports & Travel,63.53,Credit card,5.2
12/30/2024,Member,Food & Beverages,8.05,Cash,7.8
12/30/2024,Normal,Electronics,92.78,Ewallet,3.6
12/30/2024,Normal,Home & Lifestyle,66.44,Credit card,4.1
12/30/2024,Normal,Food & Beverages,9.68,Credit card,7.6
12/30/2024,Member,Sports & Travel,66.61,Cash,3.8
12/30/2024,Member,Electronics,78.82,Cash,5.8
12/30/2024,Member,Health & Beauty,25.52,Credit card,4.3
12/30/2024,Normal,Fashion & Accs,13.6,Credit card,7.6
12/30/2024,Normal,Food & Beverages,4.86,Cash,4.9
12/30/2024,Normal,Electronics,83.05,Ewallet,5.1
12/30/2024,Normal,Health & Beauty,48.76,Cash,5.1
12/30/2024,Normal,Home & Lifestyle,66.8,Ewallet,8
12/30/2024,Normal,Sports & Travel,73.24,Ewallet,3.7
12/30/2024,Member,Health & Beauty,46.74,Credit card,8
12/30/2024,Member,Health & Beauty,45.49,Ewallet,6.9
12/30/2024,Normal,Home & Lifestyle,60.87,Credit card,7.4
12/30/2024,Normal,Fashion & Accs,4.41,Ewallet,3.6
12/30/2024,Member,Food & Beverages,8.06,Credit card,4.1
12/30/2024,Normal,Health & Beauty,48.18,Cash,8.2
12/30/2024,Member,Food & Beverages,2.34,Ewallet,9.2
12/30/2024,Member,Food & Beverages,2.32,Cash,7.8
12/30/2024,Member,Health & Beauty,31.3,Credit card,7
12/31/2024,Normal,Sports & Travel,79.18,Ewallet,5.8
12/31/2024,Normal,Sports & Travel,76.62,Ewallet,9
12/31/2024,Normal,Food & Beverages,3.69,Cash,5.5
12/31/2024,Normal,Home & Lifestyle,66.22,Credit card,7.6
12/31/2024,Normal,Food & Beverages,2.18,Cash,6.9
12/31/2024,Member,Fashion & Accs,3.01,Cash,6.5
12/31/2024,Normal,Food & Beverages,9.58,Credit card,7.1
12/31/2024,Member,Food & Beverages,8.64,Cash,8.4
12/31/2024,Member,Sports & Travel,71.73,Credit card,7.1
12/31/2024,Member,Electronics,73.14,Ewallet,8.8
12/31/2024,Member,Health & Beauty,25.32,Ewallet,3.3
12/31/2024,Member,Home & Lifestyle,59.64,Ewallet,6.7
12/31/2024,Normal,Electronics,80.72,Ewallet,6.6
12/31/2024,Normal,Food & Beverages,6.71,Cash,5.9
12/31/2024,Normal,Food & Beverages,6.79,Credit card,4.8
12/31/2024,Member,Electronics,85.05,Ewallet,4.4
12/31/2024,Member,Sports & Travel,54.64,Credit card,4.8
12/31/2024,Normal,Health & Beauty,49.75,Cash,5.8